{"params": {"params_p_harmony": [311188.66011457436, 147722.63482319922, 137682.3223993036, 30154.28802248993, 28211.95606712112, 20220.55424491363, 15596.368921911, 6049.667943760608, 2171.07449701496], "params_p_chordtones": [[7.386159390925555, 33.40473343515204, 235.503582426456, 251.41893143257911, 164.2592922918426, 107.4837016959982, 346.91818458786634, 746.9589236623096, 580.2653831818037, 850.7696133495937, 4029.106480309151, 8923.112039710732, 3694.303972342324, 6870.663714128256, 89196.08578592661, 65782.33655196539, 5604.210638927013, 6901.452978444828, 58084.94110297641, 6370.041683448356, 770.9574663349289, 2567.8229465871714, 1929.3301103641807, 477.35317363623284, 238.68035154497747, 251.04349610275375, 491.16182259518035, 169.44805711302794, 51.40775028918229], [48.20259757423611, 39.55290882157555, 73.81173485379587, 65.24116518421943, 71.3245810287124, 37.04422469511333, 78.49189247340269, 69.55867217664134, 393.70616011456974, 122.4941059402252, 124.72921599303245, 1860.1994797790132, 11667.79198593816, 326.37504838222117, 15673.177123792246, 12457.388166814355, 868.9696573149212, 488.70957294160655, 9702.261623763708, 1082.1083995202564, 201.17902200185142, 318.9049029890822, 329.5082974583456, 68.72679760464445, 54.490047835923605, 29.67208439443059, 86.5915784522962, 36.237822212386256, 3.208041538893726], [14.808124943944271, 10.905236995640498, 20.317255158752797, 69.825867572051, 82.0747539168134, 104.29519048021872, 119.94172821127455, 681.6025838420206, 1563.182574586228, 334.7074282117903, 1338.063472795147, 26505.938587502915, 3409.1332871393233, 1535.3826592458825, 32140.761404372523, 25790.639217828648, 2358.0116822298887, 2207.4527973683475, 3018.438421234388, 984.2089519937322, 308.2089136701038, 331.4097648082321, 283.5399334999209, 106.96783500718408, 18.34008814251233, 37.740097284473876, 63.21372931978636, 43.96982496927929, 6.3615419387987595], [16.521671273202912, 13.44672874481758, 4.053878321408932, 24.692261194483965, 137.14029550897564, 271.67156003560905, 39.71339011481405, 371.75945888183924, 3952.7590445217347, 462.07807482245545, 438.5656482029016, 5343.276615850543, 623.6406991002331, 242.0528721967606, 4258.2903816592, 725.5948958600076, 145.85647085525753, 232.13614309446373, 196.05598533789697, 37.2122802631985, 46.17788220940881, 92.00019096873993, 18.861101107649695, 6.700769922213954, 4.295107905102997, 6.985079291324333, 3.639713715733893, 0.8317942540896514, 1.309752449699503], [21.829436573603967, 76.4882637783759, 19.372455414659797, 31.533063720011086, 230.38290318267, 3160.092468086599, 85.55989815355063, 237.97412093476896, 3357.9447982524066, 375.112389963782, 173.67876111074938, 2975.656340187458, 445.86214588064195, 104.11403378978464, 2912.5514225145334, 412.0491578360643, 28.375856479144417, 36.586963347015995, 178.4478685132656, 6.529722994308267, 9.185605883118445, 53.644429963831, 19.58398065166897, 4.894756415878584, 13.502302255236675, 3.9784579882930386, 0.4015078508183606, 0.5543071519951418, 0.8946963153414259], [13.450427444748735, 7.530573805768956, 7.0564481697383945, 33.58746824889422, 20.684676108557074, 7.68016137103494, 6.97354781418259, 69.40932343610446, 359.79204953489335, 19.44434757397542, 103.04624498116536, 2522.381631388441, 2464.778806442398, 52.6525664603901, 2305.623035265364, 2051.3785905482214, 123.86883340942995, 14.913175492390947, 93.56848522824106, 50.70066713949138, 19.213267547282015, 15.108748205460834, 13.331041123539906, 38.56982150140181, 25.831203120691757, 0.9270520635951361, 0.9396361323110348, 8.5932988975865, 0.7221896079662835], [13.280270098739637, 19.92643132277021, 11.27738630423719, 15.266478506391186, 86.13030599626815, 103.72089941871664, 69.99069287517396, 99.10801245242043, 1644.5841734346554, 132.72383411124895, 57.55765265875524, 1899.7052495479693, 2053.8821885740276, 59.36662731550255, 1903.3229219357818, 214.83647558668937, 17.628980582159652, 15.776258055712312, 13.853382977980091, 12.89200068159104, 26.3174466245078, 5.725897368148005, 9.821380008508854, 16.16620567331866, 17.9909119628726, 1.9367253150254309, 13.250477371929424, 0.35498874568993377, 0.42795040479569446], [0.44681907325090137, 0.4293313487201529, 1.2984624154298543, 3.9789472612326353, 3.396485290822542, 0.41252983277431254, 0.44226876438909324, 1.815173456088184, 6.543790683584283, 0.4641764499716924, 9.58730179771019, 74.06896088577425, 46.104849766091796, 8.820214749050978, 1005.6269556466567, 916.8856441277687, 46.944614840985665, 27.473180869606445, 935.5212080605165, 990.1550154395837, 6.025623761398642, 18.946359609174003, 44.68588590827439, 3.031191830237512, 0.4736766652318089, 0.5690570495028914, 9.117709852655597, 4.4452881459682105, 0.409273831448189], [0.475317124294294, 0.4449336174447916, 0.5305998648578983, 2.397821626469119, 5.255211430928055, 2.297518722217183, 9.393219626136446, 25.21296574078901, 15.885241760502247, 4.039546356475635, 51.824114107451, 97.41415254153105, 17.431901792867304, 32.78120752218638, 470.3940977793969, 136.58810548323365, 2.7217500968501027, 23.952299075528348, 492.33819429902445, 87.54774989010743, 1.5355994633567511, 28.934381699414583, 433.3421364743393, 40.95687585856296, 8.668535096394995, 3.693339046967406, 15.388185118082609, 5.748075185535857, 1.4692631474169897]],