{"params": {"params_p_harmony": [324684.6910468487, 154027.11206596895, 143706.8700998487, 31462.92170671647, 29417.445714538855, 21087.23865699601, 16273.348462974103, 6308.823337864144, 2264.4484913107894], "params_p_chordtones": [[7.248802796432375, 32.7125811974307, 230.13012871145924, 245.9807847558693, 160.52839035122068, 106.48966329499036, 344.00816109398846, 731.7222263930645, 585.9359380764298, 838.9022395503969, 3969.379489921137, 8743.659670760808, 3634.62895112282, 6730.152676894746, 87222.6814985868, 64352.71435784461, 5492.720341987861, 6788.045669849046, 56821.23982740173, 6280.178195231281, 756.7703615627883, 2543.4010235635706, 1905.3936337890939, 469.1542177774711, 239.26909471773436, 250.04612400798985, 480.587478108135, 166.52380651978766, 50.37753367171439], [44.48146065865863, 38.29167036935154, 72.37739917771385, 57.74610755532402, 70.30044287637918, 28.855799820098582, 58.80968417250387, 55.64683078887208, 284.4548950210883, 104.94615206218712, 114.15955918910304, 1504.416169472052, 11509.095109459582, 309.6461479610734, 15467.704099791312, 12294.876246746544, 853.2372685292897, 476.6769181926654, 9575.948348960097, 1040.4532642324762, 193.72723839244307, 300.83909946459147, 303.9524723161598, 65.47569991536979, 46.10582683372133, 27.73082040830812, 80.66956476665824, 34.72388459348544, 2.837132494581565], [13.815247205823438, 10.809655002623032, 21.193952442750216, 68.63669068283183, 80.86272021242317, 103.96473568323056, 117.90612243930259, 670.8140817071361, 1537.3467357244062, 328.40304492988304, 1326.5896385795738, 25938.908202942934, 3364.0412188827095, 1505.6595811959062, 31446.308364990833, 25244.864501549822, 2314.32240818747, 2179.957926135518, 2960.5578427910777, 968.0750245783777, 303.3276815025979, 328.9140003110104, 281.94554922716713, 107.36905808629606, 18.195701070932355, 36.952931708096905, 61.88312596015551, 43.066492384826525, 6.688939191719072], [16.179912440585326, 13.662792638292014, 5.148071215609137, 24.37365363987919, 134.6501207183173, 268.7925335686555, 39.09077050498558, 366.2893007080709, 3867.2772545982916, 453.3942506048208, 438.0569141564186, 5230.447880834768, 617.0578139299514, 238.53113057903633, 4167.407796062648, 712.3692177858572, 143.8756612761998, 228.8711847231606, 192.9744532993486, 36.89976360388716, 45.60750605389558, 90.17357783822804, 18.47489271930164, 7.246729566970663, 4.209850323529196, 6.874389197130642, 3.578121859678003, 0.8401546924894103, 1.3195839956563182], [18.414947553268647, 46.80716616996596, 18.48521780406397, 28.828382640218628, 197.85185311568463, 3052.623628957941, 72.545431904885, 223.51631024019343, 3242.907870359733, 352.2079817244959, 160.8727025639175, 2874.828370126653, 416.0230157727605, 93.33971866614779, 2811.898322972612, 356.84349196851065, 26.26665513567824, 33.76853225273049, 161.0802486835259, 5.661368304138049, 8.049230146180202, 46.076029312130125, 8.384987066251579, 4.37640755478109, 7.942390619328711, 1.5053711368994338, 0.37790811807537833, 0.5254955768777286, 0.7462390701276964], [12.280872197682553, 7.090892326470657, 7.385995221464406, 30.44134958452856, 18.920588737676024, 7.265800477936517, 6.434351720825757, 63.35927687136999, 325.984427787154, 17.67876683163322, 93.91905018150479, 2283.6706325253276, 2230.0825905383886, 47.80811973455365, 2200.5153155129037, 1859.2219108284198, 112.3832581227694, 13.572349527377126, 87.51880073876889, 46.07558747168339, 17.570977212478617, 14.436641470045272, 12.182171425679812, 35.01380891266838, 23.45545672941082, 1.1229013507037724, 1.4545006309261665, 7.824394146204975, 0.7150208827450296], [12.004255180189187, 17.950604914613216, 10.233875962653476, 13.667280115842141, 76.34215619406113, 92.15719129207581, 61.96133098388276, 89.27308591497551, 1447.3406380828667, 117.81011335777882, 50.87482718481638, 1675.1489163873073, 1816.558932921263, 54.01253739948203, 1681.6147957140606, 205.59515951580954, 15.979859590801652, 14.705247646391543, 14.043728122845916, 11.58849643983602, 23.568540772504775, 5.241789636713476, 8.713676829120727, 14.727388103820797, 15.967817169447372, 2.114865003351859, 13.80968877320954, 0.3351989586175533, 0.4069575464400878], [0.42720201755464654, 0.41145891704958804, 1.3332369468639678, 3.6408614469034513, 3.173105057612962, 0.3958936301537952, 0.42406043491039647, 2.7010439022241504, 5.98222045243532, 0.4478609192809814, 8.747857072806946, 70.96125836572206, 41.790345278437805, 7.991629558229384, 910.2645752560632, 830.1088346605057, 43.475087288950306, 24.98257910221216, 845.6355408858321, 896.9620406876852, 5.463430641128238, 17.274265703087483, 40.49554367299288, 2.8161319598729966, 0.4539191228203327, 0.5565120084074333, 8.330735833355396, 4.065308413231335, 0.3917016626053017], [0.4719854001478792, 0.44184787381466334, 0.5245234978819494, 2.36491299072041, 5.177334037695755, 2.3631722628543232, 9.248517830588323, 24.94876137322224, 15.638172433133406, 3.977984823278111, 51.05158425576814, 96.11464980115876, 22.15043641468192, 33.44025678786989, 462.6174902294394, 137.22538314166735, 3.16283436089965, 26.596279651997865, 484.4038898199576, 88.02427254666314, 1.5401377454455665, 28.959053396937733, 426.0978619142528, 40.9027432677243, 8.628512868510935, 3.7966564233029865, 15.142671291701499, 5.7431955188200225, 1.4523141549756278]],