{"params": {"params_p_harmony": [401014.00466415985, 198397.62238200588, 162144.73789081082, 51598.35227035721, 33942.94617550607, 27759.84086751017, 22896.1367795336, 9310.423933341153, 3404.5525031258762], "params_p_chordtones": [[7.664766403201127, 4.395877318199407, 164.92363531697703, 190.52626962497467, 144.31667060429365, 83.22019490622355, 355.24686339294135, 668.1410229316562, 531.7301895238692, 366.4325100430133, 3527.2680183105203, 9794.382383130232, 4677.2965806696875, 6631.805169522292, 101727.75013354236, 74840.40908222299, 6868.5986400152715, 5958.47581528638, 63528.11679525593, 7388.837187060722, 573.9925007883121, 2212.558940891935, 1566.9120155423009, 294.59495090114063, 114.77304640267288, 197.0111207897498, 159.59519081062112, 52.59232453262985, 0.8918557435017945], [8.784175628299833, 3.415383756600388, 12.872695062379007, 83.59431260855814, 42.34816849358271, 65.33923953273303, 80.9217871350756, 551.7298193217414, 1681.351220102261, 313.45334645782367, 1313.5498588495652, 34870.790059957144, 3956.9628937986117, 1832.3550782018776, 44075.641074025036, 32559.776491477583, 2841.3394049150024, 2573.769590537634, 3102.789399276766, 793.2658765329616, 278.8678454104314, 382.32903238741886, 260.24976265570314, 66.8947673630782, 11.456125978275214, 15.981362178331407, 22.222136180890754, 22.648864254627593, 6.014933946727415], [31.333439149699416, 28.081643697072614, 50.75955103110885, 106.65403508728234, 56.69494145052721, 71.30129918474002, 56.79565588262801, 54.67993208044826, 507.35545463242136, 110.75710139455073, 80.31504051419851, 2063.9597608000386, 12428.053786810975, 282.08905185659114, 15554.809148194709, 12970.437350610504, 934.0006351194716, 348.9046901928678, 9756.835123009552, 1172.239839330944, 130.8487843619809, 293.934312749996, 309.2624111316996, 47.994973010492195, 24.24755685470708, 21.835405160064287, 38.79821932646738, 12.244190150996504, 0.39831709747230876], [14.590171399353249, 22.85631348989266, 6.22091222809877, 17.160704912537366, 174.33608387939668, 410.7931581052249, 72.28744239167699, 508.30797806075753, 6336.334813951917, 635.1627215099353, 581.1562653135128, 9219.978550191825, 830.543675707514, 327.2666652929261, 7272.599697164372, 1206.956410098256, 123.11700202587771, 420.7280280402457, 218.97608547074358, 32.34853097563136, 36.790023997275306, 66.13050001488794, 7.559551264696145, 13.244145331569317, 1.9497614991213825, 0.511876646250656, 4.420321316583895, 0.5089505871621804, 0.4693107711057722], [20.117227166275452, 107.08220938893733, 16.00269341188361, 15.197985503512605, 330.8548732511933, 3647.0694349206983, 83.44652564097545, 226.88514162385113, 3997.672569238877, 413.9030691853876, 162.3881849452327, 3458.2435739068137, 451.91205043824397, 71.2992911987099, 3376.7290411093527, 641.4667452920163, 25.655612998539173, 17.16912851270884, 164.7881331321544, 6.574559670405552, 0.8901746742260993, 40.672420933227585, 2.614325118464484, 4.699188955772543, 2.0230361746788645, 0.4046424183175773, 0.9943370992689041, 0.41561897735521236, 0.4210547466096006], [5.9359560556896955, 6.351860017279004, 0.6466818348310991, 3.185322510346799, 23.31995238134152, 14.804050163589366, 4.236603484045306, 45.3588582125642, 353.4397469103425, 33.52922004446261, 81.03854280909678, 3040.069189335231, 3396.1332946743128, 70.25972136863105, 3093.4119627565274, 2793.6208892224954, 221.74873588348925, 13.07234704523149, 208.2944400661953, 61.490062886043845, 20.088059163230884, 15.15845117414188, 30.06513482794604, 27.8455279582538, 24.944259391588123, 1.9440461426676803, 4.751713207130033, 1.7008352701498486, 1.3030692856509627], [19.079550723073798, 19.521335147215414, 7.194246402845846, 15.987118961798734, 75.44179293807981, 136.62202291006477, 41.293211376243, 88.05801266288776, 2240.7600618906813, 141.40962609025868, 54.091086986496684, 2601.1009064727, 2722.7520439514437, 49.472386231153024, 2636.7987800451824, 431.0751301426167, 13.21104297282676, 20.592368594996465, 112.71577500415371, 11.694182983975482, 16.356621020360492, 14.67864773050733, 17.218613395291985, 1.5408116266838743, 13.278998164901319, 0.34754311949428457, 0.7662883784255771, 0.3432192407328311, 0.41621785648019705], [0.4087813820927414, 0.39500714183870633, 1.038176673938183, 5.42366416603981, 2.849339047325423, 1.225759831313526, 0.6223342494904027, 18.66574258228588, 22.763851672435393, 1.5473122213390986, 1.0439329889162854, 172.28193629467987, 74.19659566594866, 0.9952517744558749, 1324.6262013229673, 1177.2702224718844, 77.04097716900174, 29.455718767733728, 1139.248624488699, 1264.54998327766, 10.982999769131482, 15.931304544310862, 44.271789988801174, 6.895194858006905, 2.754462534023163, 2.2942035966487704, 6.531031653781191, 0.9557475642167387, 0.37553761878685676], [0.4718891932123252, 0.44175017078921, 0.5243620266127368, 2.3640829306864832, 7.011632441036081, 2.0649141113079117, 0.5011731219926407, 16.981085319373285, 4.4026228434392465, 4.392913807093389, 22.267976035443986, 107.18158590085194, 5.928945048152418, 25.510702627160168, 766.551398808741, 208.57081233143194, 13.682951585458666, 28.04732199305911, 698.0842809604759, 141.1533122259944, 6.377133356628268, 43.63425881460929, 710.9691520089197, 83.5014055660421, 6.644214684900985, 7.758324825434845, 9.04198522260099, 4.1151387849796714, 0.4617207332380882]],