{"params": {"params_p_harmony": [373671.3433720596, 177118.33683022184, 165848.2833597055, 36141.886512616446, 34135.91748767777, 24333.43714022568, 18843.608566840994, 7280.09719995329, 2609.3818078919408], "params_p_chordtones": [[6.762737085515834, 30.709088439829163, 217.56249431252576, 231.87058240002202, 150.8715670135191, 99.88853491925019, 323.791925938838, 685.698567325721, 550.2110128598416, 790.1989215009912, 3750.6224332112474, 8298.663211801791, 3431.0127129549824, 6361.764764697683, 82533.04009147594, 60736.3784724014, 5193.361439401999, 6389.560512563093, 53683.70285816935, 5923.052462075101, 716.6089082095554, 2356.980524337125, 1793.0311676451263, 442.42952926945793, 224.6763004082771, 235.21314985218356, 452.2665713164893, 157.57227021985406, 46.477407808545045], [6.914158289572563, 34.38943966023064, 65.84931989343698, 51.36842134737334, 62.605828555082766, 25.471669836802626, 51.563524582635175, 49.216188861392155, 256.4851127394692, 93.79612918402802, 104.18971351372626, 1334.1588930062437, 10349.988502053107, 269.6994855789481, 13641.814713229614, 11032.244386392633, 762.2681202690699, 416.10187758240863, 8516.694391589128, 940.9452612342053, 168.58164243662503, 267.31734924530696, 271.726308330288, 58.27139761717159, 40.95366936164697, 24.800886427431866, 71.65731017475031, 30.968764661623375, 2.026562261937128], [3.870762795096063, 10.976274574415303, 22.42873990133039, 69.08731072263639, 82.2085307378378, 106.38018172225038, 119.92226198723911, 680.3001350738192, 1560.4367993106828, 333.45964726677, 1365.2679338011885, 26284.071184588094, 3397.2211460247654, 1529.5823021396754, 31594.575320470194, 25679.20378160173, 2349.530972878908, 2230.740827727203, 3020.3427581549627, 984.3642970815604, 307.99537965980915, 332.61313693192454, 286.05821035491766, 110.14243757835182, 18.563039260292346, 37.36510954763815, 62.752136480898436, 43.63744174956246, 3.2998175782288426], [15.278942456201912, 12.197477934962944, 3.481605197810819, 22.83036865442764, 125.76140983880032, 248.6957296280816, 36.666164650615194, 340.7381653916552, 3633.3562010428577, 426.78171938297993, 403.3044211640423, 4969.211522767546, 570.5943313974847, 223.09746900206065, 3925.8172059723856, 677.9453903519654, 134.3070517376726, 214.58674005940549, 178.7723566300696, 34.19365485295562, 41.896841696983614, 83.89208312554923, 17.43446352218342, 6.023783008811686, 3.996045414264986, 6.481621538855504, 3.391212322663235, 0.7699218521984496, 1.1407056954679984], [13.567042902076905, 37.67394789066479, 13.767731388090805, 21.553103845927254, 148.50367126986734, 2228.033431725034, 53.58760168060701, 164.60121675932277, 2354.9696115943166, 264.94377543361526, 117.30247268781845, 2090.34109147504, 308.2662714235925, 68.82622792381221, 2084.0476094448322, 257.4280121767477, 19.383632786717968, 24.816161642983815, 118.20009498966594, 4.288028472124721, 5.95327564235811, 34.29298503928158, 5.883822172059389, 3.373516775907663, 6.201810252127382, 2.713323144515907, 0.343557522404971, 0.46024512016383146, 0.6810578238581093], [8.060770193820366, 4.758336747561808, 5.209128607837618, 20.063364776231893, 12.438440526121175, 5.118041738376943, 4.295380862031497, 41.80510147106433, 211.27531292017022, 11.467342887840122, 61.898978234231066, 1483.2713551548597, 1425.9993493374639, 30.93959167657339, 1418.4029994676189, 1199.6512850731508, 73.07933014962632, 8.954028734768988, 58.97603914946401, 30.104068056904985, 11.749067909866563, 10.154608374389449, 8.076564051646507, 22.928116404353894, 15.317944803513033, 1.8518500023945934, 4.116755708270887, 5.214268202799103, 0.5640220581302813], [7.15728347645778, 10.699969097462303, 6.131877133349395, 8.248372835651994, 45.35232287095659, 54.79743030763307, 36.581204019953, 52.18977451315419, 856.1577640090541, 70.73175336653912, 30.081480854403765, 968.4310191106174, 1094.801983613275, 31.581987051602017, 987.2774331146707, 117.6379508586862, 9.516203395711605, 8.762676803712298, 8.087809020863924, 6.948459940107736, 13.981355352022732, 3.2623770060686987, 5.299206669320928, 8.65767102729006, 9.535870752773654, 1.8753261995943968, 5.546459623240163, 0.27489025075757834, 0.3361159151637181], [0.3186868208064961, 0.3129649282353016, 1.0952534921295962, 2.079384992991951, 1.8093953045310915, 0.30298524511298563, 0.3237321794124113, 2.7450968546503263, 3.217811557034301, 0.34289895162735984, 4.689114977088257, 36.24986137521652, 21.30556821794669, 4.207733049148119, 462.6114930125336, 426.1847486401737, 21.97936318686806, 12.886285841767727, 429.6841968962251, 447.75123713342197, 2.9504709445072663, 8.792510773084024, 20.54204286773184, 1.6413881023132952, 0.34284172772018834, 0.4204455595085202, 4.205784836340613, 2.2530874993551766, 0.2975794870852392], [0.4623288989298486, 0.43166496200911053, 0.5136471375611509, 2.269241621653955, 4.950088159492068, 2.2647307981163243, 8.825734935454387, 23.69386876487173, 14.917339258794787, 3.7989950584598637, 48.54367754001842, 91.62394508416163, 20.983152105801643, 31.862869603883357, 440.4769713475994, 130.55602515676276, 3.031154394026394, 25.264242923132286, 461.96905732683274, 83.76977974747204, 1.4877036841908595, 27.521979185267575, 405.33827959070146, 38.97156935414002, 8.240172737520762, 3.615405870135287, 14.421732054733747, 5.485823501506122, 1.4031130765769666]],