{"params": {"params_p_harmony": [414658.4361379046, 205620.52297899424, 167573.46172327115, 53378.05203344851, 35118.85971118035, 28722.561046118622, 23687.85636608088, 9629.438384358125, 3521.8274456541394], "params_p_chordtones": [[7.497875587735379, 5.859675240376762, 160.80912991835916, 185.98310732967573, 140.66528973860827, 82.76232285470373, 350.3837953626875, 651.2308647632912, 518.40313580065, 360.41196670583383, 3462.543110701118, 9549.003707116133, 4586.969533838839, 6475.7093881416895, 99153.38167840529, 72975.05301230447, 6714.830555312793, 5843.249942362298, 61937.278184423805, 7256.023117329084, 560.9404454972746, 2157.4904663537186, 1527.4121834431996, 288.2621679146393, 113.43627525476685, 192.1292093086655, 156.01796527542308, 52.081196834224336, 1.8711832306628322], [8.752974846015908, 4.438467865919216, 12.84343875180931, 83.26590533356126, 42.1765649617765, 65.14659162126148, 80.66370049278441, 549.4342535578062, 1674.5606145865193, 312.3343215645011, 1312.040363340837, 34738.390092931586, 3948.7671199181873, 1826.432945397246, 43889.925382556634, 32443.28293448746, 2830.89162999071, 2570.7010261432165, 3088.4194386746535, 791.5881767640034, 278.0950217798049, 380.7754921228252, 259.18501717423095, 67.38274373233989, 11.46797588894619, 15.930615788985977, 22.14904311402392, 22.562205583083145, 6.122939532838986], [27.700997044220962, 26.621906522455358, 48.4224996727745, 89.8676439954278, 54.04419853036616, 45.65580673993529, 45.02966190378016, 47.28896632275031, 483.5834242192066, 94.81617040483832, 73.63890496985285, 1966.9103215946761, 11845.599088920242, 263.9457424062621, 14827.455630012633, 12364.70445790864, 887.4242752810123, 330.5517290066914, 9299.680550393976, 1100.3317612969659, 122.53133476043959, 272.84286643424895, 294.99674128858777, 44.81326299122344, 21.63143197215418, 20.202115302054008, 35.83064309332508, 11.420029066930292, 0.3825893976480766], [14.437597744335719, 22.563202696280428, 6.025760440343625, 16.706603803619767, 172.63577647809177, 400.5772737581494, 71.37326435687856, 503.38169123425064, 6274.95630745581, 627.3363255785735, 549.5712498858486, 9130.52449637419, 801.1958902969822, 320.6322706992428, 7202.34628255314, 1195.3517918678763, 120.50148268591832, 413.77942384864093, 216.80866181365562, 31.495430295191724, 35.91681506992662, 65.44651015933802, 7.373988116104895, 12.926223584143607, 1.9345660474179023, 0.5084854976126322, 4.352232985927972, 0.5072015444128014, 0.4677325835743422], [16.854768750058643, 99.5679718345583, 14.822172871719216, 13.441478482525532, 308.41043609615826, 3397.515384485972, 70.16308798656418, 205.25769916516222, 3722.1088555184724, 379.82203266257113, 146.26934404663382, 3224.8941075418584, 406.4407395892211, 62.59366466683796, 3141.116948881103, 596.5911186333643, 22.154807023625274, 15.649995021341674, 153.12859902201373, 5.74353198884169, 0.8451989726835969, 37.513980589274546, 1.3768403410852366, 4.217048849000832, 1.2507927790274649, 0.35472251224912676, 0.7575626680181201, 0.42681480025153107, 0.3900634299532579], [5.435675320372639, 5.805976929651507, 0.6249800299419388, 3.0265012393854067, 21.30043993274452, 13.90955696591544, 3.932789789908833, 41.800987004537156, 322.7230689349074, 30.72840535555347, 74.31422937164876, 2777.363086955458, 3100.5807245234278, 64.32626056770677, 2825.098162173217, 2551.565323870396, 203.02342956541773, 11.966055471095649, 190.2578220566462, 56.41032456689608, 18.52278014308114, 14.22699550287541, 27.48323086622683, 25.960140866400792, 22.9102711602862, 2.2798157676131985, 4.400541389233308, 1.5923862469861643, 1.226964344894265], [17.015218639917286, 17.46216871981183, 6.535601244856396, 14.323643567287984, 67.09028525423665, 122.49206088225601, 37.05017888027996, 80.16634171523587, 1987.1265290208462, 126.13527331757656, 48.12737688067466, 2315.6241400003064, 2417.4857000728384, 45.633926544794846, 2342.6078547225393, 382.61292394258743, 12.035147515751367, 19.182616506620416, 100.35503373009522, 10.770756352093777, 14.963936724077572, 13.505866172649457, 15.450242285459927, 1.4979643882363667, 11.997536407674254, 0.3315101408011539, 0.8363243103666196, 0.3260865976157405, 0.39781137332408745], [0.38671354527646723, 0.37485097354913094, 1.0634606896317884, 4.856516899396348, 2.621131075915067, 1.474522315611824, 0.6074717246819671, 18.41628286681769, 20.109971067500307, 2.785115265567973, 0.9842361258314498, 152.03222998420605, 66.24635530880467, 0.9905014340691758, 1173.2339938782966, 1040.7311681694237, 69.3849856325242, 26.11927695598735, 1006.718137730757, 1118.8515515235981, 9.709002232287176, 14.511370108106252, 39.14495233392452, 6.210700612939952, 2.4805107879211232, 4.1855281493158785, 5.805649441570134, 0.9364900690458167, 0.3558053722986596], [0.47016411704386396, 0.4401713350569707, 0.5224872679170603, 2.3472464646580167, 6.955790820637029, 2.085562888970825, 0.49938417097777665, 16.83577453843957, 4.3693179896461745, 4.357391551864653, 22.075979728788276, 106.29573367513976, 5.88097661190481, 25.298441345321123, 760.0270101917034, 206.78658969029178, 13.56601347458012, 27.801509348779003, 692.3206122708488, 139.9685430506848, 6.325835401086711, 43.26490076752465, 704.9008790331461, 82.80493847825353, 6.592346459631303, 7.693681983310143, 8.968090439643982, 4.084076112131095, 0.4600084015737226]],