{"params": {"params_p_harmony": [364751.5745912444, 172087.2137852006, 161207.31773969874, 35275.995139043756, 32945.81677387632, 23613.069167606252, 18246.977552903136, 7064.2154960476855, 2536.8023416014103], "params_p_chordtones": [[6.890698265452114, 31.053460480922563, 218.23294787406383, 232.7434830860594, 152.02860195708126, 100.70831352734726, 325.5545074299074, 692.3824374857442, 552.8844754959202, 793.9936028588714, 3758.9450387774305, 8282.095911794562, 3441.6987237886233, 6376.778056283265, 82590.31710548929, 60973.935217517654, 5204.959293882062, 6429.601914616773, 53805.70734553028, 5947.321733186712, 717.5703418599884, 2407.353519466428, 1802.2476989296426, 444.2705284994058, 226.03883842039656, 236.43524619490924, 455.46847870810063, 157.64834168604708, 47.800785543295056], [42.01118479679418, 32.961024252368766, 62.16265480714254, 49.568857403641196, 60.15011019436172, 24.732067678394312, 50.15934498780362, 47.67588363069308, 243.59670184585576, 90.09373606687865, 98.2598515759377, 1289.282062011708, 9863.682055881716, 265.310410426813, 13230.201778275825, 10516.631360344587, 730.1358131262899, 408.59724343040085, 8203.036833202375, 888.2124422578314, 166.037113500316, 257.31284424585624, 259.8429921312124, 56.313119511752724, 39.42859107138348, 23.850226056198526, 69.11416682424395, 29.72126217719471, 1.8739466679657308], [5.68509336959016, 10.844513950108267, 21.961302157560905, 68.8386908318859, 81.17469164755524, 105.04376684971207, 118.26758684564703, 673.255741943924, 1541.8166320867786, 329.2043573099231, 1336.0052431841748, 25932.624354143278, 3383.148009878345, 1509.0154606534356, 31414.45332515754, 25293.332272541706, 2320.40310996242, 2193.498697883115, 2965.8080965968566, 972.0412177669671, 304.5987646460765, 331.46877598648166, 284.190986800865, 108.9323174655258, 18.347464396013343, 37.010751327247455, 61.93393748467255, 43.129563140809786, 4.759306598179513], [15.468585679344885, 12.383539545560492, 3.4926385980998074, 23.124365965493777, 128.26245244868076, 253.20496734161966, 37.14240052907527, 346.86950509630503, 3698.453374047407, 432.5303818718365, 407.5605133431338, 5008.052634434995, 580.909646615337, 226.28920627012062, 3987.2023063487136, 678.8433309714158, 136.14724245370658, 216.3664194539142, 183.24954885993097, 34.644784196166874, 43.005519011115375, 86.02038529532241, 17.661762301027114, 6.123659901892685, 4.04447591249315, 6.56112336915316, 3.432068470798622, 0.7794514296832097, 1.14227425355251], [14.227317095174694, 35.94416212160914, 14.423282687628243, 22.61053290680844, 153.75843663581796, 2369.0315882364985, 56.09498649332249, 173.21626543929034, 2508.893094716367, 273.06602779102377, 124.17416398303021, 2228.4417794495857, 322.10403472466385, 72.21186578657642, 2172.0384574677328, 274.65232938239103, 20.29526604320438, 26.182564227226155, 124.11291513335573, 4.451591257659545, 6.257243884885062, 35.63333662434271, 11.00776329135881, 3.4966839589913663, 8.935936528762229, 2.61811336370289, 0.34334605446466404, 0.46414455879550837, 0.6699642545495218], [8.812241698762175, 5.139012995628415, 5.721191957491156, 21.78879634774704, 13.597063369050307, 5.559040279149355, 4.667940803102773, 45.85019687517501, 231.7524831826508, 12.700177589350085, 68.03463592285816, 1619.253251545936, 1574.7687265991942, 34.30263442124837, 1567.9115116918508, 1324.4000019148666, 80.38249802170535, 9.792896253302295, 64.92701484830802, 33.058662056540236, 12.811424964463852, 10.903836340217058, 8.809035597044184, 25.112549039345947, 16.76189732353854, 1.5706355073905915, 4.484290989772445, 5.653085874998496, 0.5674294712068206], [7.986617968714439, 11.910662149369989, 6.82404691916414, 9.180596888044416, 50.87732315918643, 61.496757046783614, 41.07718567443104, 58.64285310654041, 953.3117947801159, 78.51750486708488, 33.79995921601341, 1107.9600756286115, 1215.2276108386, 35.55799639947324, 1124.18833572767, 132.04686936722163, 10.616285595024792, 9.720754647603963, 8.933501887208777, 7.7194840791084625, 15.635098340926339, 3.58188591037081, 5.852810896472404, 9.684794047792735, 10.622800304576707, 1.7009028177494734, 8.129624788613365, 0.2835770046130174, 0.344317890508656], [0.34050797453299225, 0.3320562982972104, 1.0093003778672007, 2.387011454828127, 2.0275073148711025, 0.3206025673391492, 0.34356147349958294, 2.936026051055701, 3.716947796602372, 0.3619563862412364, 5.451937857818054, 42.93252454513557, 25.47981051837778, 4.913239984726949, 556.6325046057163, 509.0591799884785, 26.3972046180697, 15.244694882243596, 514.7514983256204, 548.9899047216489, 3.4152463763958405, 10.388094524149002, 24.6177851948291, 1.8512426950781555, 0.36429552312796915, 0.44453276688215804, 4.928242082257073, 2.587360963963669, 0.31362020802072005], [0.4648565178800296, 0.4353557469719375, 0.5167615281672666, 2.296027360445164, 5.0144944380066985, 2.293736589518914, 8.945607839404772, 24.072404530008974, 15.121386395208114, 3.8492104549946067, 49.25181653056691, 92.87473556460147, 21.374246313757833, 32.30728474655388, 446.6128961006732, 132.49217240145109, 3.0643152431217158, 25.64881324926057, 468.15418474208934, 84.98014190441425, 1.5022325388901014, 27.952549005919607, 411.15349924322913, 39.51908184000694, 8.35055130259923, 3.6705766038296614, 14.628518949461043, 5.556943960690351, 1.416746068316024]],