{"params": {"params_p_harmony": [348403.9455238947, 164944.63073469573, 154217.3935777224, 33746.47830457492, 31524.5815916881, 22600.562075204478, 17457.63141086519, 6760.8770066047355, 2427.392817187974], "params_p_chordtones": [[7.038966367197469, 31.742934771238545, 223.09775862992655, 238.23255982702437, 155.56945197491095, 103.02603157439648, 332.9342443718424, 708.6698609261175, 565.5303274686514, 812.2774107308693, 3845.8928910323807, 8475.166757298186, 3521.7150212083466, 6524.3269404290895, 84502.40110154517, 62359.91810557243, 5325.092906811292, 6578.591278645871, 55044.38507630684, 6082.789348425214, 733.731894868353, 2462.7402494517046, 1844.2523374418115, 454.4646010609619, 231.17846940012132, 241.82250692526222, 465.9137427449463, 161.29487281752662, 48.87155902389024], [41.83587871460995, 34.97717033512914, 66.12450145745208, 52.74202028969465, 64.05919163295854, 26.300322379336286, 53.45201312124615, 50.75930725812788, 260.08924850654626, 95.90348791094195, 104.67899648853648, 1370.3093652523821, 10500.88634062447, 282.34683637417794, 14089.467735244443, 11197.116500984945, 777.8555992105885, 434.94260274001033, 8730.038913560873, 946.9523466498927, 176.64805207021791, 274.1521050975674, 276.76968905845973, 59.85949506011896, 41.97742241438181, 25.346521243098316, 73.57860133414286, 31.65390493799768, 2.190827324143507], [4.0340987733779565, 10.775187993561023, 21.838214881724785, 68.31987964200864, 80.57905624509542, 104.28518552394473, 117.39232447545432, 668.04772696, 1530.1023998752394, 326.6650666919481, 1326.8435025782721, 25749.953296297746, 3357.0259716727555, 1496.9980804815286, 31212.639004163375, 25060.622842574678, 2302.174821429114, 2177.0852115511607, 2943.226722957303, 964.4522988472596, 302.3305723296396, 329.0624656882443, 282.3240219597679, 108.19925446032181, 18.227898340053994, 36.7267190241091, 61.47313997734423, 42.80090067875068, 5.563453448583102], [15.833595776475896, 12.677476707737775, 3.5778843750807128, 23.663615005355833, 131.28106101450368, 259.20126134663667, 38.00329844555802, 355.13289071807446, 3787.064874305407, 442.6622616258335, 417.16318524932825, 5124.087310328112, 594.83362198106, 231.56104642078554, 4081.5637615750306, 694.7699565724375, 139.36752041149825, 221.56698894067267, 187.53038876865156, 35.470746660773045, 44.03164500359165, 88.07623936061071, 18.076879610904836, 6.201732529504933, 4.130957989695517, 6.704700098536126, 3.5055283164711186, 0.7931484072232998, 1.179948146309565], [16.009888410768035, 40.56148708831183, 16.162616207087027, 25.148785322620437, 172.8461336702757, 2661.570535130307, 63.12477490853377, 194.6815264614675, 2822.952043112194, 307.13223494083115, 139.7904994537705, 2506.607725203706, 362.1121185188682, 81.22127568864596, 2445.227653571678, 309.10453366221805, 22.84079740107084, 29.369961465139255, 139.89423971981975, 4.956712876918399, 7.031713928835031, 40.09437261029854, 10.198568275618074, 3.8727807219646184, 8.719278018695771, 1.842789635041097, 0.3602268111931681, 0.49385518919499044, 0.7132683738600898], [10.31026835591921, 5.957180328959148, 6.561118582449946, 25.49529098490484, 15.910537399121665, 6.376343798242243, 5.469556719565302, 53.534684469428555, 272.0951122514038, 14.845045957534065, 79.40432949543455, 1903.0232247618353, 1854.2954642468544, 40.09755825273856, 1837.8134728472896, 1552.9324194696558, 94.21131352533808, 11.398972721439732, 75.33873971863656, 38.67662031199679, 14.889951277431027, 12.585418106842102, 10.282607614962297, 29.365452870135684, 19.62888410387481, 1.1623942526145654, 3.445450586666462, 6.595431059689207, 0.6418449236742538], [9.683305028240861, 14.505771224937986, 8.278056740586297, 11.094291308528465, 61.713351124972, 74.58878525953548, 49.98063824828472, 71.71266783516721, 1163.3033419669061, 95.2286532109335, 41.058088067863935, 1349.8131454138381, 1471.7219809646983, 43.46860628564341, 1361.0814641651293, 163.5648573525218, 12.908617803246432, 11.888524299827623, 11.106851790465571, 9.364881615094912, 19.021678539537373, 4.285299435906924, 7.082116050455122, 11.83178608318755, 12.900125933662176, 1.6857780730521903, 9.72329292020119, 0.3072991309352572, 0.3732064009026173], [0.38387835587743935, 0.3718980968122968, 1.0815682549854577, 2.9359654744837336, 2.597373657412431, 0.35830640851194046, 0.38389312551049587, 2.6561883836427667, 4.769179343698492, 0.4050486960670032, 6.9781407148601655, 55.923386230429124, 33.03339284776969, 6.337858775327673, 720.4034864125224, 658.4565025005238, 34.35368391970094, 19.74967247109259, 667.696619127319, 711.1234473445504, 4.356525596866965, 13.669614221989265, 31.96935638214307, 2.304585367825376, 0.4094401284233227, 0.5027376696910323, 6.375877671360003, 3.272801223347506, 0.3528066728849842], [0.4690640790255566, 0.43919748716863394, 0.521341111518959, 2.336574862169662, 5.110458244450714, 2.3351079712384744, 9.124111274181889, 24.58923873231872, 15.426078719923295, 3.9249794532215123, 50.31270430249676, 94.78462632165977, 21.83117141048036, 32.97305097113677, 456.04145977820474, 135.2784547189267, 3.1223827983931915, 26.205790202969457, 477.7365003674643, 86.77659251878143, 1.5245185947871223, 28.545284874547463, 419.9473968603723, 40.33361721546688, 8.51384188392924, 3.7449662201114826, 14.931462310263031, 5.666677200680579, 1.4376720876297622]],