{"params": {"params_p_harmony": [317554.8169298108, 151298.8112563481, 140611.62571213345, 30827.3688626375, 28833.16111394755, 20666.813416719895, 15942.631452133826, 6181.147124381744, 2218.283912411932], "params_p_chordtones": [[7.317026925909803, 33.02911656192254, 232.39394109068937, 248.51443202250653, 162.15454749063866, 107.57924293698673, 347.48936241875566, 739.2347014681976, 592.0702097958273, 847.4282694397522, 4009.6828557651043, 8832.142825346871, 3671.4103739982047, 6797.903718283562, 88096.7830269653, 64996.763285846304, 5547.8047863092925, 6857.240600595567, 57392.405025366825, 6344.649014440688, 764.2514269615305, 2569.186841685033, 1924.9798111167704, 473.8956704916763, 241.7407039333036, 252.5982810081509, 485.3874031402797, 168.212978368979, 50.87015954137559], [45.84128804986592, 39.42741185285458, 74.52276599354295, 59.461673367690025, 72.43334833206556, 29.72246601672277, 60.629662478116636, 57.31761399595309, 293.02818768434196, 108.05210240745075, 117.48208641849395, 1549.3391530903152, 11854.933454509317, 318.9285036439118, 15937.9236871253, 12670.363363580156, 879.0341362168357, 490.94987187538015, 9865.873781357712, 1072.5348844378902, 199.555464126457, 309.9776271106411, 313.20375829998363, 67.39610932614683, 47.5113289481256, 28.54675295173333, 83.09095098434676, 35.77490365470434, 3.187960790710699], [14.9820699072006, 10.921188694683746, 21.416380926528845, 69.29728449936667, 81.63687775356078, 104.99296400767442, 119.03525271826234, 677.4450835319655, 1552.055004370171, 331.59671930196566, 1339.4469307982206, 26187.038661905615, 3397.150836047006, 1520.1770311408509, 31749.533715615293, 25484.753727441755, 2336.6687364988675, 2201.2341498500236, 2989.1483175169615, 977.5578809587598, 306.2622902034336, 332.12642550117334, 284.6698241355328, 108.45035772504386, 18.370257243378916, 37.31252979934933, 62.470767212103034, 43.48226083623804, 5.371648570490276], [16.32545579149372, 13.793730176802178, 5.2487114835297755, 24.59261910053774, 135.8598946819395, 271.2457542701708, 39.43971978084401, 369.6366981980203, 3902.426902678673, 457.45703721013376, 442.0941680966195, 5276.867764914581, 622.7775421524196, 240.6704490119556, 4205.106931282036, 718.7449045128875, 145.18750669314625, 230.99371807418112, 194.7080771676911, 37.242582934144245, 46.025046475602636, 90.99417062369486, 18.640529297457114, 7.318075803324484, 4.2448753011003735, 6.932155813344454, 3.606338402389507, 0.8489953787896211, 1.3388056840262366], [19.09770398206078, 48.59913258490065, 19.14659859081006, 29.878092688483516, 205.05866229751894, 3164.465847069881, 75.22649923546872, 231.73625469249248, 3362.9411839439554, 365.1572310549729, 166.86995927680778, 2979.3669612979115, 431.3714572318952, 96.79440717669947, 2916.9605128788185, 370.259718167663, 27.246730858537408, 35.02213069524222, 167.12970468010673, 5.860006905929784, 8.339616477784748, 47.789644301819806, 7.571229065142062, 4.475843292654803, 7.514211772258762, 1.4995370631669096, 0.3801089315686188, 0.5334194601920819, 0.7779167844558698], [12.860959525834907, 7.4432136318322915, 7.6938494901906065, 31.886256514602895, 19.83386883397064, 7.608049694495252, 6.732608242107311, 66.36914982419603, 341.6142519180018, 18.49959855336339, 98.40666014017825, 2392.356940522835, 2337.591877673593, 50.02742498692699, 2304.67570364602, 1946.6746226349105, 117.80654333250581, 14.19165245448081, 91.78386324321484, 48.25627229369311, 18.385879967229013, 15.163528351149493, 12.89093529878231, 36.654583307232194, 24.56427251982796, 1.15447621859911, 1.3305538608533134, 8.176974643204638, 0.7409932701878096], [12.747886168577907, 19.058410675954537, 10.862618915753394, 14.499859154119934, 81.09576966385798, 97.85430127629135, 65.84746524332282, 94.93314378203564, 1540.0031714544928, 125.16670963686965, 54.074760024828976, 1781.217748062875, 1926.7363154021511, 57.388081428185615, 1786.3528943492117, 218.8842354243057, 16.965326299998868, 15.598036068354077, 14.93939485522716, 12.308121999964001, 25.037272564482254, 5.549089189732489, 9.241782147690301, 15.657526987776011, 16.96336782003356, 2.3165244171627486, 15.297575097926389, 0.34579311439607885, 0.4171247551204516], [0.43723981786200505, 0.42062441337017664, 1.4610640850322123, 3.8144270154718276, 3.336430119697803, 0.4046127602811192, 0.43338372788828344, 2.799962929663228, 6.295412538499581, 0.457883352663731, 9.198526965129318, 74.85074879418377, 44.01529780544872, 8.410716204929418, 958.5536483303804, 873.6331864004535, 45.8162364054529, 26.317201730222912, 890.7531183791527, 944.0162233649955, 5.7461716928122035, 18.19374498351113, 42.66193221066248, 2.946382270555465, 0.4640446017902917, 0.5693023934318284, 8.773896902614148, 4.267139521690067, 0.4007295909192809], [0.47465394092743796, 0.44437684721051257, 0.529828021963589, 2.3913768537143754, 5.2399540476330655, 2.3114245960246516, 9.364719616447085, 25.16737314024407, 15.836350477944444, 4.0274739241466735, 51.67387220624865, 97.16276676873599, 18.133605128576935, 32.89763223440943, 468.89020825287184, 136.8672659813598, 2.779516666095601, 24.390439931495912, 490.77611633779736, 87.63380823373859, 1.5356766192894196, 28.973404115852677, 431.96112203817665, 40.951235091762186, 8.661119196162407, 3.7179071149588, 15.339995191406006, 5.749521252423815, 1.4659482829872494]],