{"params": {"params_p_harmony": [356044.00642822817, 169276.47598852296, 157572.69716766136, 34548.482565892315, 32271.505512329295, 23134.82588460702, 17870.2771635684, 6918.1570521312815, 2483.736831094968], "params_p_chordtones": [[6.961462870944221, 31.38480490998239, 220.55050263857015, 235.3812117359797, 153.73008711335606, 101.81420001980642, 329.0611625978573, 700.1770677091253, 558.8222682764113, 802.6639566726291, 3799.2037334089027, 8373.292956561128, 3478.9920519730094, 6446.290502723758, 83548.92392631985, 61653.08189039231, 5261.674530660294, 6497.782898948732, 54418.23983355947, 6008.542543752701, 725.3223572674871, 2433.0840479971635, 1822.2603174427193, 449.1336459280442, 228.45744489506217, 238.9911137825457, 460.48613727641816, 159.39631757917712, 48.31598875657357], [41.1663763165541, 33.944429335809474, 64.1555581939557, 51.1633143250628, 62.10801432361485, 25.531673092064654, 51.83424754377139, 49.22668221303207, 251.602495701195, 93.01316381704922, 101.39880565458925, 1332.0304330230324, 10179.688468473418, 273.95550293804223, 13660.438735092841, 10856.6285309479, 754.0551484540105, 421.85155366849625, 8468.539841681399, 917.8120888222469, 171.3708917455343, 265.77300030660143, 268.4783807149724, 58.10120980400778, 40.71896481481061, 24.599642780469207, 71.36249487807046, 30.69065917058708, 1.885087678722849], [4.631113377332789, 10.80670573106228, 21.87802466113887, 68.57491075575312, 80.86709293418379, 104.63645415016107, 117.8186019238574, 670.5130359476631, 1535.6510227915942, 327.8914204169718, 1331.0245457776155, 25847.022473697467, 3369.479562903728, 1502.7077654863408, 31331.8768786652, 25155.05588413544, 2310.9380450849585, 2184.5385289952515, 2953.9486639114784, 968.0311917684805, 303.38600007471007, 330.14572077214416, 283.09716524046917, 108.50674961969663, 18.281934821732825, 36.87042155086401, 61.7030918178481, 42.965443747565594, 4.664631074119755], [15.658713617474245, 12.536639656196357, 3.5353851790227413, 23.40527939101304, 129.8350317946359, 256.329429627978, 37.590985821151634, 351.1736463278392, 3744.73335821149, 437.8099137516405, 412.5651849332629, 5068.228018660187, 588.1687733259951, 229.03780518352906, 4036.2664555871725, 687.1407469784725, 137.8251098300283, 219.0756469851173, 185.47153711526744, 35.074989024613984, 43.5395325751215, 87.09187204503685, 17.878064443766686, 6.167249361099123, 4.0889472843694, 6.635960788456908, 3.470638386106869, 0.786635750119308, 1.155755860471178], [15.119879875068765, 38.264597535650466, 15.287324200124639, 23.98848131189508, 163.18731234785386, 2513.8184063158296, 59.60971536177721, 183.90486504914338, 2664.238106873873, 289.8643460500134, 131.97525172000317, 2366.159826986669, 342.01824648974065, 76.70681813235804, 2307.136508044987, 292.1937374725681, 21.55953975285494, 27.74104126799079, 131.9750576739376, 4.699454527262427, 6.650638963000083, 37.85185340022814, 10.36255188553498, 3.6844426685860054, 8.745115714403457, 2.120782480086384, 0.3519541549277641, 0.4788492540420334, 0.6908753796806181], [9.57580072130714, 5.577443460033874, 6.193835921072457, 23.66598414500182, 14.789805530763834, 6.040543825824917, 5.052570444639576, 49.841308461642896, 252.13658168426974, 13.78815346602903, 73.9806012365339, 1762.033150522826, 1715.3268282489462, 37.23283678832073, 1703.933398419238, 1439.5201613115419, 87.4789360071582, 10.605050181015686, 70.63067172040073, 35.92937869525339, 13.89080159202484, 11.887914341549884, 9.576857072652007, 27.26755218980932, 18.211038075229954, 1.3752883725734846, 4.266325326470582, 6.1327429516617435, 0.5997938284076765], [8.83139164252087, 13.238196677480518, 7.567151473587453, 10.153192024665307, 56.343225801772405, 68.12212139102459, 45.56826178467255, 65.33147886780235, 1058.9087356668272, 86.950309123874, 37.45508097267016, 1229.7224463433638, 1344.6924059574862, 39.64050826401255, 1243.3519565544518, 148.86284342850155, 11.793170889695986, 10.891182476605547, 10.139688290577423, 8.557889937844676, 17.357984812997366, 3.9459199547421813, 6.471930408906848, 10.79387821903185, 11.773692265900204, 1.671591262081088, 8.88173102018265, 0.2957675813707725, 0.3593447163345532], [0.3639218880419049, 0.35357887296029816, 1.0342150893685536, 2.652988283006427, 2.3186467936121073, 0.34093624185623744, 0.3654445536634328, 2.721898552316599, 4.263074692621947, 0.3851970313961225, 6.244797919700232, 49.65489908987468, 29.40277057123962, 5.651378442346816, 641.7562108320393, 586.8876893307619, 30.516160200401895, 17.5825175778956, 594.0409682660343, 633.46253511074, 3.9077238886386443, 12.175944543669713, 28.436511072372063, 2.081156193876663, 0.3881068641176779, 0.47753937576908667, 5.6776425204902345, 2.944222629924126, 0.33448022511740955], [0.4670849938410406, 0.437373582015959, 0.5191925358540076, 2.3173811060237313, 5.064946919622604, 2.3161494089593204, 9.03935105295884, 24.3442612222064, 15.281191292954103, 3.8891275514546555, 49.80701134176041, 93.87288652984674, 21.637195314407464, 32.66300821947866, 451.5103845782925, 133.9564754673252, 3.095306004609143, 25.95806992266835, 473.1251816357615, 85.94064063552064, 1.5139749486687057, 28.26657269329139, 415.7401422392597, 39.948249344053856, 8.437511439400314, 3.710007541857282, 14.787424665312876, 5.615390193750081, 1.427777661219672]],