{"params": {"params_p_harmony": [437796.15698942647, 216830.29912643018, 176952.55978906227, 56353.375905672736, 37079.24598307085, 30318.863399236023, 24990.47137368995, 10154.22568487721, 3716.4567560000487], "params_p_chordtones": [[7.394968829343788, 4.563103096178995, 158.1666604106572, 182.87514031695352, 138.34830850312312, 81.43209894725987, 344.5920325269154, 640.3628601318047, 509.7438098176898, 354.31432811503873, 3403.8515494361236, 9384.25478875119, 4507.076329218104, 6364.815917823352, 97483.75574527847, 71756.19993404276, 6600.309521971514, 5743.643958211783, 60897.55293507834, 7136.135970417969, 551.7097438213437, 2121.1529241038047, 1501.7433761534637, 283.49479185849344, 111.60036895356211, 188.96813348084459, 153.43492396279126, 51.23304403671704, 4.924472713005212], [8.702693234979916, 4.836746278834787, 12.762495700189891, 82.75226028237485, 41.91246764535965, 64.7382709126395, 80.1433691057992, 545.8727992228671, 1663.95103350518, 310.3885035314151, 1303.430456074583, 34515.21665506795, 3926.208053841109, 1814.8990664421965, 43610.39297811365, 32232.245383330377, 2814.8430699718824, 2554.0660352564373, 3070.3279338684706, 786.668522740919, 276.3491924462162, 378.39301437832415, 257.613948784704, 66.90942981605167, 11.391273462909782, 15.836615600871305, 22.011379014173688, 22.42140046840245, 6.320314878751353], [25.066280892254536, 24.200275145735823, 44.04177904780705, 82.27776601297623, 49.19059168402225, 42.0421355177861, 41.153567111026874, 43.12468309525506, 439.2145134537947, 86.49350182840327, 66.94340256753387, 1787.859985463833, 10752.627555774527, 240.30864921419433, 13480.793673882034, 11233.13331170418, 806.7055265741086, 300.31386974070926, 8447.533506264492, 999.3017916444187, 111.46162583038891, 248.1809860619764, 268.38962608978846, 40.79841485560992, 19.733002501634086, 18.393343568294032, 32.659024824462044, 10.410650151063377, 0.36683247304984906], [14.036044805514909, 21.940978803750546, 5.855527037484424, 16.25380559962801, 167.85005136166095, 389.5696323212135, 69.40346058287041, 489.1579189155634, 6097.735300609034, 609.7969760890106, 534.6329174764754, 8873.098673666467, 780.2343699902767, 311.89608313957837, 6998.840386258278, 1161.707748235923, 117.15867312410138, 402.1642362566602, 210.8373828905106, 30.62092353920865, 34.91547610349267, 63.58344628528398, 7.179189956060396, 12.589265390753917, 1.8900274538017454, 0.5031355642849066, 4.237899973285525, 0.5022219543286952, 0.46312908733541647], [14.115622840606044, 85.85933132623761, 12.85468037397401, 11.571696821892353, 266.9135182304001, 2937.0502227744932, 59.74644758172942, 176.60920741865775, 3213.2528599435614, 327.3927527218737, 125.62741065129403, 2790.891036831594, 349.2079961991403, 53.63305935515889, 2708.3870785611575, 514.4402162621465, 18.919274745398774, 13.510648053827337, 131.89484035003363, 4.95260518356594, 0.78071792306607, 32.42505414006896, 1.8297577489388015, 3.6684119612960067, 1.4721719906718627, 0.2966026484402798, 0.703739062275383, 0.4541123249652381, 0.35645572475084825], [4.634651406977671, 4.909796984599405, 0.5773984003335813, 2.6246960682859277, 17.94586562227917, 11.873524295785181, 3.3874123405835532, 35.445528480108365, 271.909601074924, 26.041008522683747, 62.82098473549362, 2340.4955473248847, 2609.0336709745166, 54.44556419866579, 2381.793253926034, 2152.883797640383, 171.1214153437512, 10.178641930176502, 160.35710102960638, 47.703537583689254, 15.756859869390457, 12.143904810907927, 23.19332525256956, 22.071249865447204, 19.382513353761144, 4.125074882007139, 3.779266168298555, 1.355051755041507, 1.0717870793386426], [13.80030431869505, 14.105096503377013, 5.274339418244518, 11.561369212831083, 53.832955303043775, 98.30811294136747, 29.636807553259086, 64.00912669122266, 1585.7719838151206, 101.17081155685986, 38.534400069662865, 1858.3154744767303, 1938.1457669712331, 36.54710400074768, 1876.9905426404214, 304.8113592175699, 9.695751320458454, 15.479379048503858, 80.56077964896377, 8.661260583705221, 12.009138921607462, 10.869026990857286, 12.67342100607741, 1.266187077390653, 9.647966547279479, 0.30323616953931276, 0.7008059020484472, 0.29992213306958854, 0.3659434308382772], [0.34233146711743745, 0.33394921970132924, 1.0097137402160097, 3.7907276688532323, 2.038541481170045, 1.66802858299147, 0.5214144364729636, 14.084893510652503, 15.34046504643181, 3.676670718820018, 0.8477112592067217, 115.66839988919554, 50.7011345644354, 0.9095690694718609, 897.2562666397324, 797.777032039707, 53.109500124429324, 19.980866040955416, 768.4367015685383, 857.6909297332354, 7.427913278360176, 11.174198231625475, 29.879051949018315, 4.8283581646356835, 1.9688188451195052, 4.3105295311005, 4.479744979303929, 0.7599261990320051, 0.31558635014628966], [0.46532601842201393, 0.4357427077237482, 0.5172219166332694, 2.300400411851223, 6.800155989663722, 2.02245495685653, 0.4943590722969879, 16.429761868851692, 4.276457520794586, 4.258717178301323, 21.53957800851192, 103.81950502359152, 5.756588997508218, 24.70773748717048, 741.7426720462654, 201.792686878828, 13.241395516366438, 27.127030276464225, 676.1538921570132, 136.69897000139284, 6.1844723451225505, 42.233580540147116, 687.8930093773962, 80.85701917083082, 6.448014340373964, 7.513238895908975, 8.761999817225734, 3.9975410606400303, 0.4552081413896106]],