{"params": {"params_p_harmony": [445352.07162991195, 219753.15308332737, 179803.76122347353, 57288.411666621636, 37685.50483238124, 30804.444122881036, 25384.959624729876, 10313.250804931697, 3775.8227810001026], "params_p_chordtones": [[7.434568556081445, 3.857692233599741, 158.98891202854446, 183.84258982984605, 139.076061143589, 81.86479097124582, 346.3633339824673, 643.909752800481, 512.3643842122179, 355.99916749521753, 3425.025323734992, 9432.129531698134, 4534.121158801234, 6396.740479040907, 97989.49357742106, 72090.93142227757, 6633.809025128233, 5776.226272370738, 61190.972621387045, 7177.370065964698, 554.4869882452352, 2131.285698574256, 1509.3755638847865, 284.95167408952557, 112.19401678771256, 189.9516235996829, 154.2179177262735, 51.48958209248763, 3.969058773039042], [8.675190896677211, 4.847089459238152, 12.718741499593673, 82.45222370936473, 41.76133762106257, 64.50332333594102, 79.8443157511159, 543.9183460057687, 1657.6353914493357, 309.22019218648495, 1298.3708718168534, 34380.91846005623, 3910.781866557732, 1807.7608413481782, 43451.30929896101, 32106.99182407883, 2803.272032486241, 2544.204182104134, 3058.644990424774, 783.635427650574, 275.3183412496703, 376.96591660097835, 256.6332490180524, 66.6628279055939, 11.35247821676251, 15.785290396815402, 21.936504002371542, 22.34295285924393, 4.51174555468397], [23.903137855710217, 23.37683429234577, 42.538939166351554, 79.426548256583, 47.53457739086204, 40.50425918189381, 39.75709578636391, 41.64850841832287, 424.1799562153817, 83.62170107393212, 64.63638933313767, 1727.2149509095982, 10380.638413790379, 232.19755279619005, 13024.69818707129, 10847.496015736651, 779.2438969114531, 289.99680063547635, 8159.48677158482, 964.8421348442389, 107.65094748422403, 239.7103844561823, 259.32417929801744, 39.41809348716716, 19.069102909922627, 17.83297694329433, 31.563884871598823, 10.064850500245631, 0.361198608223646], [13.89232413634251, 21.717327174485796, 5.795680842742698, 16.088327408152296, 166.12832189193992, 385.5742057612825, 68.69546093849884, 484.0801613564084, 6035.401593132033, 603.514005250461, 529.1285476190508, 8781.178636339024, 771.5554592108789, 308.7570462781395, 6926.014262142034, 1149.7972295741833, 115.94298893360772, 397.99116711696496, 208.70260537875106, 30.303833279493546, 34.55664379977309, 62.91355814129234, 7.107770656735335, 12.463208014243309, 1.8743576602913368, 0.5012120424487672, 4.195451502992768, 0.5004339861276936, 0.46147999459424366], [13.296571597695658, 80.95047832573388, 12.14114848893186, 10.924798399998881, 251.81351639426006, 2769.070753583442, 56.308374115936964, 166.47972767271514, 3027.4701492604504, 308.722034215709, 118.29526120352816, 2631.2233981887834, 329.0671398527151, 50.55918695251153, 2550.895493232088, 484.4482236438634, 17.825561487673408, 12.746896384585023, 124.16082156959438, 4.689344651628944, 0.756246657178994, 30.61701267875926, 2.228402758778532, 3.4770134293846136, 1.746613506320677, 0.2913435549796137, 0.7833891332548722, 0.4450450294646853, 0.3601286254112319], [4.343051185028697, 4.5918707200358675, 0.5578361488840198, 2.50750298251902, 16.747133695261972, 11.07517841865272, 3.184639864078888, 33.103252892663875, 253.7392207182841, 24.351784768495904, 58.657641272081214, 2183.8766390080796, 2432.7227659890723, 50.89732314446905, 2223.5138478938475, 2010.4274898035865, 159.59839509208612, 9.536841645003742, 149.6463200167678, 44.549670532106866, 14.742834869122714, 11.328647782184913, 21.65786720026581, 20.58703681250245, 18.101485258361997, 4.616118664682818, 3.55895011520515, 1.2856682473303978, 1.0202507564269434], [12.634530114887077, 12.905801640612736, 4.841499171949501, 10.587909248286932, 49.20393513651474, 89.75950825897034, 27.0157877795973, 58.172677556428134, 1445.470396608417, 92.41910608616676, 35.18188256899566, 1696.0161654318097, 1772.7528731855239, 33.18274783755246, 1715.118019720554, 277.6057403710388, 8.85396028944008, 14.10623921700934, 73.70491650757926, 7.8970471661569945, 10.94153131391071, 9.910529902802777, 11.601133347557543, 1.1740602937959737, 8.813110770363878, 0.29226889858231353, 0.6858998945936982, 0.2892059467863357, 0.3527016751228499], [0.3228605629419136, 0.31597131150385827, 0.9714396481614958, 3.3749681198354784, 1.8144835850807655, 1.847845353978162, 0.4845521241320973, 12.403275286442524, 13.658143331768693, 3.946164677813907, 0.7841278867209238, 101.63044469062503, 44.64256739581019, 0.8402195094396461, 790.3176334763255, 703.5572702207927, 46.77520764171079, 17.61278215021283, 676.0345580687846, 756.359572234222, 6.530554249486288, 9.703244497135904, 26.309549285880014, 4.290584735305439, 1.7790357270150123, 4.203060200184225, 3.9709005166742726, 0.7084830656599372, 0.2980400719553018], [0.4628358602073134, 0.4334718281678722, 0.5145141919088556, 2.2772448235332576, 6.720788766687697, 1.9488500070780497, 0.4917694437552533, 16.22065578470343, 4.229048153187665, 4.207629290421814, 21.262519042367654, 102.56198089949237, 5.6846367671358715, 24.40475333401969, 732.4817052544777, 199.26373647350005, 13.073227503100215, 26.770919587763213, 667.9634252428891, 134.99906525077046, 6.110728111335745, 41.7084974284185, 679.280320205044, 79.86897536742168, 6.373751935505656, 7.421431917742349, 8.656713780507909, 3.9533304196857157, 0.45272784146586803]],