{"params": {"params_p_harmony": [339245.7840880908, 160832.32792432763, 150167.16561101063, 32873.34310057608, 30710.231364615658, 22023.84264817508, 17012.4219311817, 6586.677546870196, 2365.0066252515494], "params_p_chordtones": [[7.107603014233133, 32.065019559588556, 225.5848546938433, 240.79724985986306, 157.22442060899763, 104.108527354673, 336.3629522960152, 716.2274273741433, 571.3367133591843, 820.6389563704171, 3883.059987818312, 8560.700249684358, 3556.284399101438, 6589.8248957603455, 85440.67150963633, 63053.91081107693, 5378.507474500919, 6641.340097981688, 55664.807462364006, 6142.029513136077, 741.238354544414, 2486.7393966452564, 1863.2791356208827, 459.1948280791613, 233.52319818050162, 244.3175542641669, 470.7858761894321, 162.98623048911006, 49.37347185196564], [42.015041185601504, 36.11028715325574, 68.27781818385964, 54.45978926571499, 66.21483876981559, 27.190463647372717, 55.3195145643556, 52.429832894030845, 267.988030663797, 98.97709768333178, 107.78467228984876, 1417.6512334463869, 10848.464072120934, 291.81747449023044, 14569.263394409047, 11578.98430172164, 803.7830233960821, 449.3319944717402, 9023.186760951881, 978.9940021270476, 182.57297085358363, 283.3181629398869, 286.1657987346809, 61.79561146514946, 43.415646762408876, 26.17113937607187, 76.02224153339968, 32.714051267779254, 2.4927916147045903], [5.650533563146063, 10.734599695521009, 21.797429358324287, 68.20140091130028, 80.4393143739507, 104.12075850425703, 117.19146269592169, 666.9009569100583, 1527.6402688695598, 326.12102419483676, 1325.0823162566303, 25697.985358801903, 3353.4910804601886, 1494.7513687884816, 31152.884194098086, 25014.390841754084, 2298.954942891136, 2174.1548028816837, 2938.2721852215213, 963.0057654379341, 301.7990356223761, 328.47279759128884, 281.69296685255034, 108.00478587261377, 18.188729443712745, 36.66141099981804, 61.363090115936814, 42.72557876691433, 6.035283442835482], [15.994963367720603, 12.807173710380686, 3.6199729198384367, 23.901739231625594, 132.60853447018837, 261.84074528386674, 38.39986318286747, 358.7744939710789, 3825.9747526229953, 447.12411838885873, 421.3889772877823, 5175.472988723323, 600.960482688296, 233.87942417827009, 4123.226410448583, 701.7794257298762, 140.78400684680128, 223.85709519739618, 189.42040305530534, 35.83539300751725, 44.484742904826625, 88.98030612162842, 18.260239460466146, 6.260649468821139, 4.169619812609299, 6.768044361298337, 3.537057845514611, 0.7991706996587441, 1.1956167952440122], [16.84673694278352, 42.73405853202281, 16.96425940282054, 26.41798211894814, 181.29169346136592, 2796.318501928232, 66.36753726776892, 204.63429188788982, 2968.055032022249, 322.4657016639698, 147.09306520910133, 2634.181990353232, 380.72439067578273, 85.40379111232171, 2571.5685337764758, 325.9991204297217, 24.021380613239717, 30.891643892783406, 147.19975941968417, 5.21741178682507, 7.38236345747754, 42.159536468573535, 9.333522876823691, 4.049072530981131, 8.436809751059231, 1.5999135236706927, 0.367219265985051, 0.5053759011348367, 0.7337986039655593], [11.007040952998304, 6.41207734426573, 7.015082430661871, 27.223869047196203, 17.003281913032435, 6.797633194477832, 5.827452618283649, 57.159174721505345, 290.7992770646165, 15.836800543264136, 84.82405125082929, 2033.9126370896709, 1983.494659036636, 42.77281019738125, 1962.5204605862593, 1658.3857230613717, 100.72614535201932, 12.141500842370531, 80.51249094885694, 41.30437112592895, 15.872212721084749, 13.486845409290263, 10.98503300239461, 31.337444363631338, 20.95839675775464, 1.1632527739477556, 2.9224879466290368, 7.018240124265238, 0.659769257160869], [10.49367874616611, 15.695694270349103, 8.955789142964143, 11.995340410586357, 66.85933037629549, 80.77081894129776, 54.19908138217354, 77.79905184140274, 1263.39224533246, 103.14588887470481, 44.5115453457101, 1464.7596257479654, 1593.1823848667727, 47.102708719624175, 1474.0230353519253, 177.59393023723754, 13.972181211798599, 12.845828226830937, 12.051809142045173, 10.137426205683509, 20.609197268798805, 4.616636952010166, 7.654822220898834, 12.830244205351102, 13.977415665903509, 1.751949423846183, 10.659372014553034, 0.31772561298670676, 0.3853791548757586], [0.4010384854867199, 0.3875926729752598, 1.10079769772854, 3.216136598631409, 2.8174303478955127, 0.37319844247972, 0.39980790260578825, 2.45271545064382, 5.2205915451292215, 0.42145901915022765, 7.639544719928886, 61.18850655573641, 36.333358498398, 6.96341674418472, 792.2428599423473, 723.6100531615131, 37.624417922499205, 21.70440425365802, 735.1288718375932, 781.686944902489, 4.771235876837492, 15.010559739275855, 35.18224504951796, 2.492462365747864, 0.42671998872980293, 0.5220013599989854, 7.000161034876954, 3.569184780677304, 0.36823569488689234], [0.4704657306672261, 0.44046972948734014, 0.5228669760896812, 2.3501233439003713, 5.142466997104924, 2.3483963230423166, 9.183690558258919, 24.76188982072945, 15.527602876947196, 3.9503503491624614, 50.666587676276386, 95.4209399365397, 21.987754265864837, 33.198661698311156, 459.17172707133085, 136.2110745687364, 3.142180947619282, 26.39745839313359, 480.9122387771994, 87.379951255935, 1.5319900592403237, 28.74366446748903, 422.872061998779, 40.60734765042962, 8.568932556614016, 3.7699234063518086, 15.03250513972219, 5.703215763165953, 1.444687802023526]],