{"params": {"params_p_harmony": [393820.08493138297, 194678.96627775367, 159187.59753460294, 50654.61669167518, 33322.50909554526, 27251.819621027546, 22480.013332033333, 9143.293456862475, 3342.7819762834274], "params_p_chordtones": [[7.746276667608651, 3.050373151252755, 166.77987786247147, 192.70970763574775, 145.9594877785135, 84.18987239736727, 359.2497028472565, 675.8411321674158, 537.7215230624524, 370.6924213648912, 3566.1529012650567, 9904.868545793115, 4727.685828789562, 6705.812222478571, 102880.84162373564, 75691.96315873538, 6944.876542919414, 6024.057270466243, 64259.07622485413, 7472.7312730377525, 580.2604975762109, 2237.4020132379696, 1584.5871629174817, 297.9035894694947, 116.07669030508859, 199.22450335872017, 161.3749694112948, 53.190491464537274, 0.8975523577301777], [8.79611039905635, 4.007561201594279, 12.893097400077671, 83.71129360456284, 42.40932193386074, 65.43533812758594, 81.04310097228029, 552.4877995108645, 1683.5850520544554, 313.8906946751669, 1315.3301872419697, 34925.666507484115, 3961.1250904052004, 1835.0460159656373, 44131.41963874203, 32610.52193481851, 2844.938755627108, 2576.886272467027, 3107.1418877276787, 794.3876755296695, 279.2625921443205, 382.87134374695404, 260.6046569316493, 67.03503376993685, 11.477687286314984, 16.003572739718585, 22.25581356025721, 22.68214236659354, 5.331843165597696], [32.30248832267807, 28.87809065361879, 52.200896143765775, 109.61675068990253, 58.27600600498266, 73.57073033327276, 58.48676664075753, 56.26349899847608, 521.8004609146157, 113.92929992167342, 82.64197148632542, 2121.9578382911673, 12782.03282834945, 290.01277562466544, 15999.173602660454, 13338.941206200136, 960.5805687967037, 358.85876456728823, 10035.460804922299, 1205.6071352797817, 134.56537683149102, 302.3119287326911, 317.920114793826, 49.351267786312086, 24.94025545009443, 22.450450169082664, 39.88839680358916, 12.586398701625486, 0.4034331975526207], [14.693285287605708, 23.017866318654566, 6.26378386805038, 17.28381082425273, 175.56216609037014, 413.7161312726563, 72.79457185859776, 511.9353549913728, 6381.761902411043, 639.6670577911835, 585.3000668539053, 9286.10487525109, 836.7259344185476, 329.5434039135228, 7324.852466583018, 1215.5371510244604, 124.00008596736456, 423.74526056843973, 220.52162571223843, 32.58429780588847, 37.09097837637334, 66.60673521314702, 7.61349262776816, 13.334087186766764, 1.9611749842145838, 0.5131737893568843, 4.4487392233144645, 0.5101842627046409, 0.47046701393545676], [20.884796219159018, 111.26135992543904, 16.60986828833504, 15.784170148940486, 343.6479688811648, 3790.1942080418407, 86.72268624122688, 235.80654103255463, 4155.64099936093, 430.2328788332856, 168.8563930124304, 3591.683715815952, 469.7868443378791, 74.11248394464099, 3511.8543235799116, 667.042704858891, 26.685669399100142, 17.83548132414382, 171.37800383877624, 6.822176563068992, 0.9109172549431767, 42.242608511942926, 3.7490297313880028, 4.849511690026904, 2.5797227953177337, 0.4120796595876042, 1.1166484541960766, 0.4783484817889187, 0.44495600210070996], [6.177996024148925, 6.597953136210383, 0.6607110580005529, 3.28212381182851, 24.244943170424772, 15.417221852281635, 4.396975092453438, 47.142299815902824, 367.38085170841117, 34.80261672959503, 84.20875651184323, 3158.9458104982423, 3529.840867919088, 72.95840660302864, 3215.4029652884, 2903.8281038723094, 230.50164639357118, 13.56195245082015, 216.4689627296303, 63.88669281125935, 20.86120421789315, 15.785595849660432, 31.244265241591087, 28.992320293748687, 25.925214900244168, 1.6305006340770578, 4.914067979167631, 1.7548983079792804, 1.3390028101827347], [20.004596765554467, 20.46498458275297, 7.536276879402298, 16.763349016594656, 79.1808346000865, 143.42339362323872, 43.37153885559503, 92.53289080428611, 2354.0159985485984, 148.44760083449546, 56.80524848713143, 2727.6692275785135, 2859.7656446608735, 51.95407573701528, 2768.646538885682, 452.9079415058489, 13.860849078071007, 21.60528879855108, 118.27794146047063, 12.278821967664939, 17.173443612392887, 15.41074930916015, 18.051943824845843, 1.6023273043015283, 13.949769508332944, 0.35432200776344946, 0.7877266684820425, 0.349332240588462, 0.4231195172310723], [0.41686379515316224, 0.4024519132337037, 1.052447779796768, 5.656227286307779, 2.9738215424661285, 1.2001915730803334, 0.6386225450239185, 19.53171026834083, 23.77914849292232, 1.3247404736159651, 1.0711036529308386, 179.9910253157524, 77.48694716925827, 1.0254226773150346, 1382.0058429658302, 1228.9576562378447, 80.50210939983698, 30.772091796384004, 1189.1201067224995, 1320.011251700707, 11.473181359756605, 16.652616209138703, 46.24778579677226, 7.190261198079336, 2.859350743276247, 1.5428435353119105, 6.819430536190973, 1.033674346897024, 0.38287024880382786], [0.47509340221000634, 0.444885937099732, 0.5302489358770047, 2.3974640855664666, 7.126134660258651, 0.7534865273187967, 0.504556078658609, 14.205178115235121, 4.470304922286022, 3.926835054790429, 21.161580015147308, 109.02389864864729, 5.184996376747072, 25.726825274020655, 780.9876295869366, 212.36847375606612, 13.540596365376206, 27.30547690802094, 710.902163850051, 141.20055363531105, 5.963907463021756, 44.32236872107369, 724.3631876533176, 84.98498453800254, 6.604682367032873, 7.8413340413211055, 9.158475862173727, 4.178730840427694, 0.46499610270142877]],