{"params": {"params_p_harmony": [331612.2325191487, 157728.0145692611, 146849.91787866817, 32174.373835546485, 30073.84228884233, 21559.1735262269, 16639.925256015784, 6448.452301154526, 2314.6368848198626], "params_p_chordtones": [[7.179563918065804, 32.38747011183412, 227.86443892872856, 243.38516470166422, 158.84413180257633, 105.47044541686569, 340.7721259597142, 724.0835800444897, 580.9742832714929, 830.6734853728391, 3930.280455102178, 8653.648365365463, 3598.5890513799236, 6661.454224832247, 86309.59815027805, 63690.60299865428, 5437.0250573619605, 6720.809566845491, 56229.830408460046, 6218.661059659071, 749.2875819921895, 2519.084628350781, 1886.786921969438, 464.45238767665126, 237.20279502579064, 247.7508201827159, 475.6475377398677, 164.84534619012828, 49.87422670230811], [43.11899047357699, 37.15069335222668, 70.22319677980357, 56.02896006142516, 68.14947211043399, 27.955005302636536, 56.92125498249382, 53.96603261966872, 276.5086013713068, 101.87346037172219, 111.06036060808654, 1456.9978457702232, 11164.943175265336, 300.15384260276363, 14988.193914115414, 11913.050633777013, 827.5061200828943, 462.31653357304964, 9281.919112714168, 1007.9883244407869, 187.78938950694865, 291.6520286033166, 294.45209275293047, 63.54122636588276, 44.659250095095985, 26.90761080389023, 78.22686742549209, 33.66601101220433, 2.5494788371779546], [6.205866897262607, 10.749675014834672, 21.130508743425604, 68.12692904118613, 80.26904102530152, 103.27233060299824, 117.00660378320964, 665.571088239966, 1525.3361293580722, 325.81937730016705, 1316.8350160644302, 25724.75061229553, 3338.235813921069, 1493.5287470904054, 31186.17934064966, 25037.982101387355, 2295.935829390831, 2163.506194552594, 2936.650094650922, 960.5182051336403, 301.0324869930191, 326.57596864411215, 279.9773956914413, 106.70933166105179, 18.079371592688673, 36.67503763313762, 61.40723206095989, 42.74006822412814, 5.479447704705009], [16.10607358371194, 12.897415181916056, 3.648462156578575, 24.067450454257777, 133.53821380161136, 263.6393125671881, 38.66278242807345, 361.27740100023965, 3853.070183082775, 450.2065405367954, 424.1583206401645, 5212.960664161029, 604.9866763950841, 235.48376220248954, 4152.830320616293, 706.6755522153284, 141.75133570160742, 225.44757635719054, 190.7168090503498, 36.087316654092895, 44.786952625688215, 89.60675045751373, 18.388465961870416, 6.300975404656295, 4.196546149802079, 6.813296886261792, 3.558715302913325, 0.8035662537268173, 1.2089456294018472], [17.655629523792072, 44.810180199073656, 17.76435068451575, 27.682101305288022, 190.22856456860413, 2931.5434612877293, 69.60337918147415, 214.50266569496776, 3112.9943028913212, 338.3276087704421, 154.24259431486269, 2762.032380542635, 399.11709649777015, 89.53107716788745, 2698.091932133502, 341.28896528589536, 25.197779078435847, 32.38563183823892, 154.45902402180732, 5.44992944618435, 7.731423057526063, 44.205197991984384, 9.245055165080359, 4.21843862424035, 8.331766275325036, 1.5740647566509114, 0.3733859587328043, 0.5174200137580245, 0.7413967587392086], [11.66030476098276, 6.740238875658768, 7.155570562679306, 28.894176332552057, 17.957507881300806, 6.937898015023386, 6.126408631843902, 60.19761495017264, 309.1560022241882, 16.794239018965126, 89.22405511439277, 2165.6252237587487, 2113.484924627185, 45.41056838082198, 2087.7563662224516, 1764.2984247689808, 106.61940705506025, 12.904220778437448, 83.31511167776114, 43.74513477645358, 16.711025531393403, 13.752657034308875, 11.5696418055891, 33.250260482437014, 22.2611650139615, 1.1109910501864428, 1.9707895510853606, 7.442713283062026, 0.6899767267512457], [11.279992332710744, 16.874608000568088, 9.631866706298537, 12.856493620406978, 71.6677177437135, 86.56648493034768, 58.135136135474625, 83.8274326116289, 1355.952378354731, 110.61109894868677, 47.72767325796911, 1570.763007016039, 1705.558182508511, 50.805741299439035, 1578.5172482808334, 193.62971129179815, 15.037530349773125, 13.883154301341747, 13.322723944662748, 10.894053639515692, 22.141471987075487, 4.952485901921237, 8.1949214896244, 13.845075694840775, 14.98952269996592, 1.9528588153374968, 12.354991407067732, 0.3265576150921276, 0.39648605599637254], [0.4151326132128938, 0.4004630326205672, 1.2303238403316183, 3.4404720530588957, 3.0487952146442194, 0.38544177525072487, 0.4128802649011364, 2.590465563794626, 5.6289224331466015, 0.4361133305546123, 8.229545164909561, 66.64119582697326, 39.214090133768465, 7.5057476102654235, 854.2258803641888, 779.5517989796562, 40.84603143312929, 23.447677839426056, 793.1866346604156, 842.3043867078339, 5.135336054613399, 16.219092275595177, 37.98644836535935, 2.6685095435340154, 0.4408074898778125, 0.5422480653984576, 7.823696206012389, 3.8332332158781757, 0.38089700893539286], [0.47122436968514464, 0.4411119979156472, 0.5237164932289569, 2.3574400475967456, 5.159441044581397, 2.355960758202274, 9.215265468860336, 24.852904511213413, 15.580867861510837, 3.96389628996723, 50.85268507581415, 95.75106844789697, 22.07747855444775, 33.3213793029158, 460.84178871920244, 136.70500575454412, 3.154380596339569, 26.501104767398083, 482.60863424763613, 87.69468968382209, 1.5360038213292384, 28.85220172078879, 424.4614338074901, 40.75311011866312, 8.59800566059549, 3.7831582277657216, 15.086788550975305, 5.722120094815893, 1.4484768188791541]],