{"params": {"params_p_harmony": [204324.26224809416, 157054.9981069233, 73504.60774004487, 64708.33118083051, 21365.656185742613, 10284.648831335408, 5120.458055624682, 4329.370555149781, 3517.6999754071057], "params_p_chordtones": [[0.5065755298963631, 0.7226575108267757, 11.967461572494477, 21.190691882826492, 12.955160092451843, 51.75962638893357, 135.82196583626902, 72.61401479719412, 90.0255169729444, 59.64794379122155, 395.9912597152738, 680.877138781377, 1214.9165080991127, 3548.1004598901764, 44955.94532770138, 44542.535992242105, 7407.416593233406, 8404.203429730165, 39885.677863026816, 3798.221197923779, 1005.1939276298774, 171.52934259371008, 241.3070852182958, 56.124858140391716, 49.00504972411104, 26.59744254574024, 23.485416657352747, 10.433174648009723, 4.8383886343611175], [0.4753385358659479, 0.39538416261020803, 6.652603990276114, 70.15170456589296, 18.167183962466147, 30.825623232744935, 137.15818795972694, 107.71153484747012, 259.7219959861413, 862.3025173969345, 1796.8934024380767, 938.3614562230085, 11163.984046947891, 4684.76473732076, 24687.820105764567, 21338.45365106782, 5973.58463429405, 6696.290172341305, 11536.146095449352, 539.6709490648675, 671.7006601343612, 273.74176501973085, 320.5231662583808, 103.61465261590607, 137.27729016462902, 22.134682900172994, 65.61290385591201, 36.22548695770973, 6.349970750094008], [0.4497059659071642, 0.4453350564086268, 1.4510537725769974, 32.18084767060217, 6.606940904221478, 8.834528954809787, 5.28732852311485, 60.917888507481514, 106.24961534871882, 92.56720983552702, 847.0515934241847, 13593.428301975171, 3097.569108145713, 2416.0751030814727, 12938.865824992066, 11107.28722373338, 1442.1663831423832, 695.4901378292004, 118.73814890447824, 338.7539577642795, 25.182150574106114, 38.33132365738332, 48.008410045728795, 61.64007543552289, 23.285724744643115, 0.9519883676227967, 14.033812865153301, 9.605289506903539, 1.3361567547852178], [0.8490002305078082, 0.45257933227539743, 2.52139874190739, 4.4247765041046145, 10.768511541876746, 9.867663599177174, 21.973693030124423, 31.428587365760812, 183.14935280938468, 155.8995933735862, 450.9454896207819, 8114.094416541914, 6072.432786034816, 4740.034237319451, 6094.844460127049, 7362.231509860967, 2356.6245488038007, 385.3725666172295, 95.67977618744285, 125.02729996833531, 44.894878892946366, 20.056900750492744, 44.30915348253488, 64.12765389591785, 11.322573699524419, 11.073945679243812, 4.329708258045769, 7.292833488970474, 1.3957635870117384], [0.42158492660454927, 0.5057932076963646, 2.4600313540018726, 6.984574438720069, 5.1146709301261115, 15.69326225730698, 15.373097272794693, 65.49942045744753, 23.826688380641567, 7.636780782449072, 19.165085701427582, 39.45615686839015, 74.88814805226086, 75.23074660776105, 1534.8650030095516, 3656.5007786661317, 1034.6250037633345, 824.7257586112794, 3701.1874008859245, 2747.46560473522, 208.56647105189256, 18.20677423044615, 43.262308866890855, 19.605736503130554, 4.992737511649772, 8.770918445183309, 8.056069592494557, 15.271402153531568, 0.5374325634996957], [0.4704447745567888, 1.1194214939592988, 0.4905853538437732, 6.564294483503774, 9.751976207976591, 164.16002175852037, 66.87959977435719, 30.581243823662625, 561.7701369227659, 34.6095866579227, 175.0566130666224, 556.746039987806, 84.97468860014773, 101.41654512993307, 599.2512900744399, 99.64380613817568, 102.5846209659332, 657.941713413109, 67.13801900351508, 115.4543050363969, 430.54234649346864, 13.275300883926095, 90.48308350952205, 117.87805116871309, 10.202000703121728, 10.193539124299175, 11.738651450461418, 3.904723125232123, 0.4096114921050719], [0.4283006071377817, 0.44612454322727696, 0.40342674082121793, 0.3902052929778728, 5.805185725010835, 1.1094660872516102, 4.089416740617597, 10.919504083283275, 461.1002287626239, 76.37298501711169, 66.21114837534259, 747.8517865657064, 348.432400697721, 259.7147174669383, 297.2763227496923, 41.909944186572325, 31.114711267169152, 15.911621467566084, 13.529326903938957, 17.893195686225454, 35.64385992478945, 11.865575460330069, 2.860633045046122, 16.308488440304377, 2.2687165429155276, 0.7128015176783373, 2.069443846959239, 0.40101122519892923, 0.4816636919468762], [0.45561472388399127, 0.433485389050056, 1.2231116100470263, 4.908769995052154, 1.9942101812976343, 143.70913036169947, 25.963904911353094, 20.300608626826946, 410.32628112242793, 41.40248306238939, 108.90075258583084, 349.0373727243863, 32.9253765221519, 64.08099985179402, 153.93397721143387, 38.57458621221704, 35.184957154097766, 249.70159071639424, 21.000058985235032, 80.57238583897261, 187.38734657590783, 8.306305346069374, 65.09835122207124, 28.26292840735791, 3.736900078616328, 0.6834041788623858, 0.37570100139985446, 1.794291921091438, 0.41342197341234976], [0.4499897977306229, 0.42176588608233073, 0.5005704413430644, 0.4395960125602074, 0.7777796685129381, 0.4621891581212195, 14.249300773534058, 0.8063679014884763, 3.0035654445407656, 6.238067434072956, 181.94573463853638, 6.488110055106565, 17.714553337365267, 33.081592513413824, 521.4382048761145, 35.598649968043695, 132.35899483550307, 26.26337665468464, 387.2436490516506, 13.802996086498265, 4.1303249176194585, 5.460963933442626, 197.72692008177145, 1.3869958325603193, 0.4005741052253896, 0.5334603888580174, 0.4801139167393964, 0.45629891063829603, 0.43998702288213304]],