{"params": {"params_p_harmony": [194660.4975043315, 149647.74192549562, 70035.20814124848, 61645.0366273179, 20372.887199990073, 9801.02159195875, 4879.231134314686, 4126.26228919004, 3352.9151977497518], "params_p_chordtones": [[0.5135267165927541, 0.72660485736041, 12.377305662888967, 21.95022642485212, 13.282864824790348, 53.648098389604925, 140.63000114215592, 75.05158434085484, 92.77564690128585, 61.10029527102755, 407.27183116848414, 704.1996666747814, 1253.5345593877698, 3663.1370906292277, 46568.73064503184, 46130.98641221433, 7663.621595864212, 8693.875587226341, 41270.53514022352, 3922.588546162805, 1034.8572617804366, 177.03702816554795, 247.58122541594315, 55.739090390375004, 50.02945059638177, 27.375600018829132, 24.32557991846112, 10.763206340303299, 7.276790807112931], [0.47574688100532486, 0.39570208881684293, 6.809040650613612, 71.01003575805755, 18.95721098196008, 32.54748771177747, 139.04869254358957, 111.20482064253706, 263.50665268904055, 883.6980304668497, 1835.0790295892552, 949.0376082760009, 11352.531603498503, 4755.677296542484, 24895.609399039393, 21496.95737842618, 6108.081978324922, 6789.5428451764055, 11685.02908465486, 565.2681256725294, 690.9534144527831, 286.1566149168263, 332.5454826372633, 114.0890292405156, 138.82448823406312, 22.604138113527068, 66.95295014056089, 36.43932913607905, 6.413750170786546], [0.45497350099520345, 0.450878473360024, 1.5424519245969202, 33.21939292461688, 6.801961378135299, 9.087439561162668, 5.430161663610287, 62.90353102855626, 109.5520185615101, 94.87056144762984, 870.3083233440711, 14015.425052686805, 3191.8828046138815, 2485.2956522018508, 13335.363138102033, 11444.722495775346, 1472.410235972328, 712.215428024833, 121.90222232674394, 344.5593858002229, 25.238605200343603, 39.43778101786144, 49.257051086002, 63.54002247631287, 23.703184201381617, 0.9093730230575753, 14.443172282585861, 9.90782654195136, 1.2657619833162626], [0.79258368307521, 0.4570903986413904, 1.8826087666614726, 4.385277645652863, 10.874962166617893, 10.093888437310907, 22.37544734040388, 31.569075178859524, 187.0025024530065, 156.27359481458566, 455.5404403050624, 8285.658869079745, 6212.745112429879, 4800.8674851862315, 6177.589386270655, 7492.526983248193, 2338.8177854355827, 373.54423966816216, 91.66636339346438, 121.61948538743451, 40.95688903271177, 19.38394140922839, 41.65376837050943, 64.02128952120142, 11.184760380230873, 9.622096810334344, 3.9703630319042724, 7.451715415182651, 0.7951400148049387], [0.4282785566901373, 0.5132481185242315, 2.4978280636636243, 7.098979029725255, 5.228242906106761, 16.04139392410875, 15.568443285759237, 67.68010628617319, 24.37048320217836, 7.795575100442126, 19.65659804522875, 40.18654624066948, 76.80779416203615, 74.9899883502155, 1572.8025863898124, 3782.80863015225, 1066.9992800186337, 850.9928579565195, 3830.567858679297, 2835.7176032207103, 211.83492804069715, 18.589610558387907, 44.58791713302721, 18.994470883117906, 4.880561067716971, 9.078894275530507, 8.320257070699617, 15.744195485121212, 0.5454229419724702], [0.4991229738213912, 1.2220665780839632, 0.5191924144758401, 7.457273836791683, 11.162991521552138, 188.64627906461374, 76.5858641995738, 35.02818620013832, 645.2231497457474, 39.52054497021509, 200.2293121928539, 639.6625752939383, 97.21303650964632, 115.3246496153932, 686.238753633688, 113.92788138772609, 117.5255376911718, 754.8883348130701, 76.8482032552484, 131.0031326206304, 495.25038987796916, 15.216352268654154, 102.82632293098365, 134.9949399902458, 11.658921346877896, 11.571400118006018, 13.351907461246492, 4.456109914080061, 0.4339444261716257], [0.45423865436506783, 0.4721605153430082, 0.4269168564199881, 0.4137500119164988, 6.531250118347574, 1.2161401646883803, 4.61556052751806, 12.481132536608715, 525.500288607086, 83.03427527437397, 73.32569217784831, 846.8485103809933, 396.2755269589316, 276.25077501328366, 332.1183716900531, 47.930245583369455, 28.415915923440778, 16.182653617853855, 13.267131174329009, 19.788728765304633, 39.468968363190946, 11.26338453047506, 3.067660847911649, 18.663152701796644, 2.493260126632081, 0.7335166593450363, 1.5664209120680308, 0.42476722110625487, 0.5099596683683306], [0.48791598039856215, 0.45725243272319743, 1.3436937426587423, 5.561776521372398, 2.207642994002526, 164.00261927790945, 30.35241724277715, 23.090443578908232, 466.12380772276464, 47.25989254838349, 126.99255511059623, 396.94012510423755, 37.877518118684655, 75.26035482169756, 175.9048664323965, 44.07737876572882, 40.55645019460918, 284.59241125094525, 24.197405297606924, 92.56182999886586, 214.34171567949213, 9.471404178363942, 80.29702604753722, 32.14588631257654, 4.2492875255863, 0.7571343062817169, 0.39658340795475816, 2.7024297689823342, 0.43807986855691633], [0.46692435138718574, 0.4371699001753941, 0.5190264018488074, 0.45664912606274205, 0.7959262107579332, 0.47980952122153814, 15.44455404994305, 0.8201178755022834, 3.2198456260424053, 6.306936537250583, 197.85705946736093, 6.986118090819846, 17.772288589112822, 35.63509821144116, 566.5591235171198, 38.26997524654173, 140.31341614417113, 28.186334694614498, 419.3182479712217, 14.582545022394005, 4.382338241150337, 5.86828553161166, 215.36296802889635, 1.4685637513573284, 0.41555760141449255, 0.5520222105400097, 0.49827088750737647, 0.4738690005124518, 0.4567287355376192]],