{"params": {"params_p_harmony": [187822.36967203938, 143718.4055711484, 68298.28987632424, 57484.789469975236, 19191.778733009858, 9472.660147649536, 4476.6475561129055, 3826.8238879980704, 3180.352394988588], "params_p_chordtones": [[0.5096618764079475, 0.7162843595423287, 3.9400031453830135, 15.50690282552474, 11.210246014797914, 40.86718278608585, 124.80863630418473, 50.42280754787546, 63.914379079123414, 47.66171244673037, 354.18164662145233, 586.5717053392974, 1164.1247302793115, 3528.046986979113, 43524.24268991111, 43343.93363800144, 7207.790954612409, 8259.849704034128, 38867.976259658855, 3750.3670171948993, 972.0198630626469, 121.68700097376366, 84.33737844687204, 42.82475401821887, 24.28038895438146, 7.776296665340783, 23.805544868628353, 7.7532266420288405, 3.413080284929988], [0.47703702559234673, 0.3968107492625787, 6.858341678882479, 73.7101160039063, 13.822213569528971, 24.76854465929922, 128.12768729153603, 69.04065568959754, 188.0639138950748, 795.6295831336296, 1700.3616415785875, 848.9272452657627, 10849.2033048977, 4656.7971499590685, 23779.836202509945, 20462.30558404433, 5832.255038824176, 6434.029575554203, 11064.809821958299, 459.63971940536527, 630.932009911763, 153.76807521804804, 158.62335165338624, 81.80078840342492, 131.23088282181294, 8.670416399793437, 56.80269620817614, 25.653608409516902, 6.463056904870358], [0.45543237334868364, 0.4513278503137377, 1.2668437370972734, 21.978213395874473, 6.817532135323229, 7.407172313278054, 2.2957012624411117, 56.17675945771195, 93.99537235272581, 99.69667048655288, 839.6698545824403, 13547.84486642726, 3100.1084507112932, 2431.3947004388, 12879.304716050394, 10978.296454236759, 1446.6326170838104, 728.9386497593123, 86.22155528833798, 262.36924990214686, 23.092425169014778, 26.12820647327433, 7.619722265034815, 53.5762946168056, 9.797319060934122, 0.91825622657267, 13.58013860740783, 8.671599554283594, 1.2527766185711253], [0.7988776823999596, 0.45714269139489333, 0.7467754043598278, 3.8874000177709185, 8.561600820593338, 8.448059194909971, 19.270526952838562, 24.529381296019004, 149.12070427843764, 130.88767163427502, 439.6546387870715, 7736.040997791478, 5795.244462499053, 4340.389184453843, 5782.779918014425, 6995.720166082406, 2138.0250600933286, 351.52960391916895, 62.13870283512175, 81.11077342958524, 22.963095258897322, 9.244178357940486, 6.515840979075612, 48.015479668249164, 7.512756999197512, 5.431787851547907, 0.6778840826611667, 6.905896851316433, 1.5256750924485325], [0.42952756906137185, 0.5146662586670593, 4.293827673265137, 9.156283623075742, 5.241012899162238, 7.19082844321232, 15.534743508905153, 63.56271178270123, 16.578031336084905, 6.040958997366682, 16.167682940028715, 23.06239445852981, 42.83819428982826, 74.91904385719812, 1483.619022063114, 3530.949564057718, 1028.30073553408, 810.0452415838871, 3553.4537605025566, 2713.084280035231, 220.52829906735715, 10.45485013968804, 36.488735574063135, 18.100133023250716, 2.553771879264176, 6.861208024936493, 8.335661227576837, 15.770939198066483, 0.5471815873801319], [0.49251981502359193, 1.1973238025306017, 0.5126298029956191, 7.246606731052489, 10.688868530186644, 181.06100935196554, 70.89167776101799, 31.509370048487085, 602.4478368702539, 37.65274777650501, 173.8707297731879, 587.4536382966403, 89.22861753409663, 93.61312947628798, 638.5135190450941, 109.59267755183637, 109.55237504710223, 689.3096300006248, 69.93608810056986, 109.75375083192836, 468.013123635227, 13.569501842238413, 78.63514325572312, 130.2653298721428, 3.0952250496781484, 10.045471160771159, 12.954287453921411, 2.3762254578775273, 0.4283635846197506], [0.4492529753280867, 0.4670905279715758, 0.4223123418653343, 0.4091731913211983, 1.5514111099437533, 0.7769270933198351, 4.508868841999646, 10.360077427389749, 477.54667875083135, 77.35694294729804, 66.00312426081081, 733.4340066197904, 361.87031622189926, 248.99704650059275, 289.8090345459523, 43.51899453143024, 29.644232654378943, 11.882950282119655, 4.7693653825195845, 19.431494901486115, 28.41134419653838, 9.435598900139414, 1.9758414889150124, 17.41101553533975, 2.451072177444383, 0.7297683690346896, 1.7490480606718113, 0.4201560242006667, 0.5040908993096145], [0.48694600898865675, 0.4563998703963096, 1.3395359081023908, 4.405087784321872, 1.9783411709508545, 146.66104269180082, 25.300057255937435, 24.843032390570805, 404.22558534498853, 44.85482896222548, 108.14398633715477, 354.0202378015131, 24.661077814497464, 68.77635407434957, 164.5121631335071, 40.87102152591342, 42.8059157500035, 263.9757354496581, 21.405429672124818, 90.23485046595904, 198.1201673639228, 5.745595110928338, 63.34771328185118, 29.35356750129296, 3.484138279316169, 0.6329394889429104, 0.39580950406669296, 2.6454804963071634, 0.4372365516788104], [0.46297957361026587, 0.43345083029942194, 0.5147602876833296, 0.4526499710089142, 0.7791998266479786, 0.47573603605775183, 15.14010778871561, 0.8011892544866099, 2.412861886831422, 1.711587818374581, 188.8063077361321, 0.5918993155102763, 15.92706068737326, 31.50877107801194, 517.4396890468131, 35.98705001005578, 113.6493260842853, 24.254561162587265, 398.5665121216279, 14.945285228228558, 4.478396390481458, 2.994962522620785, 194.5287684764453, 1.4483558293779626, 0.4120046110933761, 0.5475889405194447, 0.49398758836587014, 0.46974404456096713, 0.4527687397644513]],