{"params": {"params_p_harmony": [195525.8226145417, 149597.26057677998, 71086.41525181994, 59835.897805767665, 19963.908736683064, 9858.844458355255, 4659.5897216164185, 3982.6070161911202, 3309.2228491435244], "params_p_chordtones": [[0.506643116724215, 0.7222199491961624, 4.415794586276153, 15.403751508046783, 11.190013580832204, 40.475180955264236, 123.20704570655232, 50.72683894654148, 63.22790078264321, 47.55143356508969, 353.28632584005527, 580.9398805217477, 1155.019171022892, 3497.787921634192, 42911.408942916234, 42736.00086915484, 7128.065702464162, 8169.847056234051, 38380.71510838185, 3719.005446522607, 966.1551922440815, 120.75730546615583, 84.04163665263115, 43.63599745544504, 24.155206431215458, 7.800061870585222, 23.47477218544171, 7.709481765065056, 4.569868232566145], [0.47869187070037234, 0.39828965170662467, 6.766138719968211, 73.57451129432414, 12.56133285195935, 23.37459450305675, 127.58434430411646, 68.58492366124526, 185.5630441264185, 785.4265165299203, 1683.0859433354542, 846.0913379260393, 10788.588355473377, 4642.004234847393, 23829.789679363086, 20507.67721215333, 5772.511464372791, 6421.285166016685, 11039.43161867644, 448.90243322044614, 622.0443261889876, 151.2197924182266, 152.19829098625038, 77.83644712552656, 131.1919222420367, 8.414341566479456, 56.16655281713842, 25.584721351484433, 6.4677247945534155], [0.45266694361231324, 0.448453962213955, 1.2857166610992168, 21.695205305795643, 6.721092250293392, 7.305820591819588, 1.8431634024125232, 55.330613754998744, 92.82855681083116, 98.81870523287172, 830.2143124529399, 13331.558675980683, 3056.055133082482, 2402.9563747419875, 12697.95008744675, 10828.886712045416, 1446.3083368071477, 724.7445571970896, 85.34310494967905, 263.2933071219924, 23.35188416939844, 25.837438569484586, 7.835022041890353, 52.91949419896501, 10.04268704440031, 0.9959123709793332, 13.428000179814772, 8.54792395026529, 1.3409146930414024], [0.8570835248546647, 0.45426830991727996, 0.8759591184868799, 3.9049086464038627, 8.488510151382918, 8.425086134344477, 19.05652141478229, 24.673938995834334, 147.94285895796136, 131.55367845714815, 438.38262914054354, 7637.81909062325, 5713.701397689212, 4321.203094784167, 5753.579371722727, 6935.105966419628, 2170.9904386228636, 363.62129508058734, 64.47606827821848, 84.64005987638697, 24.70074712460681, 9.919355166413046, 7.194024377629842, 48.58988163343919, 7.686891859187289, 6.412462185580364, 0.7572678133556309, 6.965696783599315, 2.409661523937121], [0.4260119107098641, 0.5107472600409878, 4.243781298776878, 9.040834780815805, 5.181707375331735, 7.173665963383988, 15.391365583233709, 62.47656459635442, 16.360724263346388, 6.005042264776698, 15.891176204068152, 23.153867527957, 42.217805226272475, 74.9075002326526, 1464.5512321409176, 3470.217373078503, 1011.7596667637193, 796.8192929614997, 3490.559287359402, 2668.392923779105, 218.8821636389814, 10.41343597578419, 35.9508986280821, 18.321632508059142, 2.539463816178249, 6.758131334923435, 8.196549784681542, 15.524520080581468, 0.5429841975856838], [0.47274459142112024, 1.127236508111161, 0.49290465847323084, 6.627827882397437, 9.725696788946074, 164.43507538399052, 64.47997975569952, 28.683916934272922, 547.1964691247399, 34.29486048622466, 158.12638537089924, 533.582942696254, 81.14594316334457, 85.18401726940107, 581.28789524618, 99.73889044016643, 99.56388964968471, 626.7002095245052, 63.54501340998562, 100.03098941532357, 424.7553565993373, 12.347551966818209, 71.55100812290252, 118.60684460078045, 2.849472836143255, 9.169250547079736, 11.851811930307832, 2.2619292637283492, 0.41156758283853695], [0.43100888880450844, 0.4487909205887977, 0.40580110445664286, 0.3926180786193904, 1.4698272599253352, 0.7760988825356472, 4.13976013348457, 9.458727460320665, 435.9934495078279, 73.54752977943623, 62.4456201375742, 673.9439147135478, 330.8342710102789, 241.7563932607932, 269.23772590892105, 39.642361474323216, 33.508452413774116, 12.455647333846288, 5.324588508673783, 18.20943169079065, 26.605813052992985, 11.239118825585381, 1.9506918781902665, 15.839226784297368, 2.3051268108906044, 0.7220388879615993, 2.21718035585063, 0.4034521924842111, 0.4846071243569555], [0.4630968561272644, 0.4402408270721326, 1.2627190246998872, 3.9977756243973865, 1.8329046527986415, 133.9716224216722, 22.438446485997403, 22.774026853490312, 370.3485460252528, 40.99449912867676, 97.05534427343026, 324.1135352849853, 22.305849313357538, 61.43342389552791, 150.0401976929014, 37.20932656037582, 38.88882134305271, 241.52624077593768, 19.382969568428827, 82.12553723801051, 180.61584994298468, 5.068497121298887, 53.43493324148825, 26.89112709905946, 3.202630839342139, 0.5992337592305476, 0.3816422363610097, 1.9004448966260352, 0.4201105902651814], [0.4528493008739951, 0.4242490969957587, 0.5037278581298549, 0.44246622125111873, 0.7842039853743064, 0.4651707251470865, 14.433521988533093, 0.8134773310384674, 2.3169937565969425, 1.7018586122870387, 179.71203299736658, 0.6040408216559988, 16.49373831343235, 30.28641934247509, 493.14838309481325, 34.762267581921726, 112.31719165898339, 23.542774035327955, 380.64024440863693, 14.75725761924457, 4.4238434166678, 3.167864903483617, 184.97985097921895, 1.3987548656319875, 0.40304218159854543, 0.5360314786755034, 0.4831475173739398, 0.45925129534571735, 0.44276384190275453]],