{"params": {"params_p_harmony": [209437.04913726394, 159507.4539308685, 75012.70669056484, 65974.7092118369, 21832.349764713592, 10371.058881918854, 5187.245389733118, 4365.090618615686, 3543.0540697889946], "params_p_chordtones": [[0.5043375719106744, 0.7194933093881898, 11.855555752693752, 20.97348852587735, 13.04800239767062, 51.076252645361144, 133.7504749698215, 71.88049974080141, 88.95234428037395, 58.784351635250076, 389.93890204914504, 673.7230043897994, 1203.666043811215, 3512.4214996465935, 44454.552574451285, 43965.42312830101, 7323.411418739671, 8307.377823608882, 39531.45392853767, 3756.111930118367, 994.9609498048995, 169.41379634355118, 236.86073748616514, 54.19818261087376, 48.3333605619537, 26.285765693794517, 23.223078318050394, 10.317965016311607, 4.69973898365572], [0.4748875334870252, 0.3939728538859898, 6.508634529174472, 69.84968808929648, 18.126605406221987, 30.672854121646008, 136.4369493008023, 107.31894530326785, 258.8315093983194, 857.8535451086593, 1785.1050832619076, 933.7346085972156, 11133.45519208652, 4672.357092099799, 24572.302356838394, 21192.25973807264, 5945.210810940439, 6676.8861122115795, 11490.364486092336, 542.1117410218353, 669.5913459381194, 272.09422546351095, 319.8385646767519, 103.65079427391913, 136.68349741629984, 22.040826178689038, 65.24746481203965, 36.06401007365941, 6.392881409221616], [0.4460059344998667, 0.44352823673665154, 1.4498012161840639, 31.62886808303404, 6.5095869387432375, 8.702503750082865, 5.217095114850745, 59.913147241270345, 104.54159776123167, 91.2525512484054, 834.7528626359839, 13353.682988257386, 3049.1236471570455, 2379.5224507430225, 12742.767833860158, 10923.75486677203, 1428.6727514584486, 684.6804444108066, 116.96483935085914, 331.6895247262645, 24.920902543266052, 37.730702201606846, 47.3127629426153, 60.657237948935055, 23.309351055342393, 1.1428452588305924, 13.75179289699009, 9.453575611764471, 1.3173493939952126], [0.8404774401341761, 0.4521188792583422, 1.5005673957988988, 4.4134132634631955, 10.739857597455384, 9.84144637050927, 21.908401961739578, 31.332702905583993, 182.56206557161264, 155.54897321532204, 449.7025257099087, 8107.370219450054, 6056.386650064259, 4717.410076825437, 6074.717949105919, 7350.581773643215, 2348.577963707122, 383.2174052266089, 94.94608268822634, 124.4703518026323, 44.62168523341328, 19.98955246083284, 43.963498002227624, 63.79314788363348, 11.296024303395004, 11.048218397237227, 4.308751889208736, 7.272155201132684, 1.3297712476320656], [0.41743998981269975, 0.5017445146212803, 2.4185032871235217, 6.847697020746011, 5.007716937156702, 15.380489275685191, 15.070648687360936, 64.19127757887865, 23.355182673660586, 7.500019340622943, 18.773750699906618, 38.638671657648054, 73.40078186733025, 73.61127737528147, 1512.4238144771894, 3585.947634385904, 1012.3333967330767, 807.3861568593204, 3623.681128672539, 2688.2394848485787, 203.53385751198573, 17.849429424601148, 42.388896722330124, 19.168373375523956, 4.917178614922394, 8.597065005962238, 7.8996863633073096, 14.972937008125662, 0.5330115226168165], [0.4533646386876611, 1.059957398107729, 0.4734070285327533, 6.041006770132286, 8.94308429099659, 150.00048789715623, 61.24893228741892, 28.01737351582311, 513.3666274217977, 31.712138881798488, 160.04693944479163, 509.1577446801732, 77.78994458748714, 92.49447756417892, 550.5234704999981, 91.53216487900355, 93.81018867271794, 602.0751795694481, 61.374609932621446, 105.77844311897222, 393.34034094078146, 12.164341082242595, 82.42858263660833, 108.06415406478224, 9.359029763186003, 9.369700316676488, 10.80944577279001, 3.5658973155769944, 0.3944207168082563], [0.412421166037352, 0.4288188373323126, 0.3869637469572159, 0.37449994182957763, 5.298240289125555, 1.0623755104711146, 3.750631604994112, 9.908745797797234, 417.6571489397332, 69.06042357025169, 59.801534622808795, 677.0789563931171, 315.67261175174633, 234.89632046796945, 268.98063952169383, 37.942339610477994, 27.409033036575345, 14.221719074501207, 12.076881607507115, 16.125336490902907, 32.200422549884244, 10.341931438909413, 2.6241563485921775, 14.765204571079673, 2.0605069361832733, 0.6658837937896046, 1.5580725334186114, 0.3853661699075206, 0.46329997943833506], [0.4304416407509107, 0.414314148485304, 1.1419629715629336, 4.443252716826084, 1.8305259845429183, 128.8834517091027, 23.256834227747106, 18.192967398117307, 368.6356774970417, 37.2264757207239, 97.83631655922643, 312.1452581777683, 29.50047435195116, 57.52899068919807, 138.1803416760258, 34.62205486197826, 31.421797653592094, 224.13942802692054, 18.79397125973133, 72.48474465415002, 167.21883270037915, 7.475840331769805, 58.6780510234877, 25.326539703234037, 3.3711820978306197, 0.6597400414672919, 0.35788772804377766, 1.529875656418087, 0.39565373927181163], [0.4339962771009936, 0.4052884556781721, 0.4831567611852614, 0.4154218507774222, 0.7377068595276941, 0.4455334335055088, 13.124705192978993, 0.7614749411795897, 2.7976417595313343, 5.720678270645137, 166.95454741735145, 5.978594218293908, 16.15467100314784, 30.408271497657626, 478.43924948359256, 32.68638091783967, 121.15795065398024, 24.001672882952384, 356.21646263586155, 12.688211979120908, 3.822615167655068, 5.015481248032174, 181.35909352399716, 1.2838780868674742, 0.3854274166970493, 0.5149021764855708, 0.4605532430180738, 0.4393644986310761, 0.4235947505378537]],