{"params": {"params_p_harmony": [202567.95519617843, 153396.89730764073, 73374.70774013292, 61666.91358947942, 20625.22831778825, 10044.451508227043, 4770.689949673656, 4054.0474178874415, 3366.208720248129], "params_p_chordtones": [[0.5062666182655796, 0.7263361919001714, 2.67855417451433, 15.38569561707749, 11.166447468971848, 40.31326279441483, 122.58850968959855, 50.914817500084446, 63.05577945541958, 47.40031194894116, 351.30978909260295, 579.9662370950662, 1154.2240093568676, 3492.3727878380655, 42820.79030424994, 42568.5400361509, 7107.143918692263, 8144.696059773455, 38340.157078405915, 3710.6384459571436, 964.4193780526208, 120.42139201735279, 83.80606245330138, 42.92027553991907, 24.087363811110254, 7.780968559998289, 23.420014932714345, 7.6921889160720305, 4.300432427650629], [0.47835668149023497, 0.39703429459633843, 6.738893922074175, 73.30114674768764, 12.540955344665651, 23.252329118345884, 126.99629405915665, 68.33127909117509, 184.94644607918195, 782.1764741575471, 1674.0894762470095, 842.2727054600554, 10761.134199419113, 4625.493706650885, 23735.15428727337, 20401.01640239477, 5747.3000576252825, 6406.839457957647, 11002.955528824057, 446.89019396532433, 619.7983286585498, 150.63876465108032, 151.71219919720372, 77.59422802754564, 130.68687570548374, 8.385596752800517, 55.92109085293669, 25.4845554761111, 6.0207171795496], [0.4507513763130565, 0.44831857780926876, 1.648235846297599, 21.555517211699062, 6.678115238365994, 7.254475611603538, 2.3005822544851013, 54.98690460532504, 92.23390495684967, 98.07253242148082, 824.2688971109881, 13244.319619787606, 3037.6260230491325, 2386.3920142203065, 12627.811618560658, 10747.999171641251, 1435.6858068025804, 717.5003209163917, 84.69892248417888, 258.620961802042, 23.073037012297625, 25.64981084326457, 7.730649927357118, 52.55694258043323, 9.950186505873958, 1.136424521286414, 13.208310553933904, 8.488365086013088, 1.3048709397398472], [0.8484610722368154, 0.45495656483855124, 1.1889958729536914, 3.923105614695624, 8.522691093860027, 8.46131966356757, 19.133409116847186, 24.780522053561118, 148.49838647585102, 132.13938285995957, 440.21190297006643, 7685.284870996763, 5737.265943998153, 4333.217833315128, 5773.585842608889, 6969.242192427302, 2179.0528223572865, 364.4462955253795, 64.74405018145605, 84.9273093316167, 24.820055415413457, 9.980105518909204, 7.23137362391912, 48.77051138938607, 7.72363169030298, 6.42287296042048, 0.7961452150276372, 7.0182862590964135, 1.4732437237601905], [0.4190597087871888, 0.5036156134197878, 4.130920196098109, 8.783561407199914, 5.032624264544515, 7.04682011973533, 15.003621353817255, 60.43082034026239, 15.888746811021223, 5.885267472722213, 15.37072055131453, 22.854432189224934, 40.94939399089815, 73.66554578218869, 1431.2238383655229, 3355.1075104672386, 978.4883572339968, 770.6771477033731, 3370.4943228802153, 2580.3076517502323, 212.50072970787267, 10.217591296893412, 34.84393316977768, 18.246655026750904, 2.4916703570320524, 6.551630059018465, 7.9351902302813135, 15.039853384869804, 0.5352151758270443], [0.4494017368953918, 1.0463862827385515, 0.469472755890505, 5.922302956510107, 8.640661545364967, 145.40195985287946, 57.14609508985397, 25.44632826891435, 484.0109812662637, 30.433060361955235, 139.95358465353996, 472.4748175784692, 71.86408175147766, 74.92219687875273, 517.0845403375944, 88.67547162039024, 88.15113734639846, 555.4676282289956, 56.23525404479472, 88.70519148040549, 375.43523901765735, 10.955784933305623, 63.05315803087645, 105.29719385953068, 2.5755732459531355, 8.253542183271142, 10.585605089174546, 2.0236577710216013, 0.39107357164486456], [0.410860782728465, 0.4271294970397631, 0.38537936494423986, 0.37297052321877583, 1.353122812564273, 0.7149792508686007, 3.717046585190625, 8.382494130692915, 385.32790459957454, 64.65852603287863, 54.7528903534654, 595.0884887137779, 292.6571464139968, 211.88640654353233, 237.36931008733012, 35.03812906302957, 28.037653104522004, 10.69201453264201, 4.527232036853694, 15.965044283905028, 23.39791562022856, 8.947083738878048, 1.7592458051172486, 14.001587973983314, 2.0433883124724694, 0.6622007712851431, 1.5447870975056077, 0.38383494015384756, 0.4616076785801926], [0.4287434504040064, 0.4127814288293255, 1.1357602429206641, 3.4772302914137647, 1.621418742119263, 114.85077114229436, 19.303520955602245, 19.51354378632947, 317.97186233341756, 35.289011205829645, 83.3662860782739, 277.14729394836394, 19.1954077162402, 52.71739205106566, 128.82345289624547, 31.987022017315013, 33.2369000792335, 207.41627696666094, 16.58342377208559, 70.65515648752611, 154.0385681993421, 4.355642153785442, 46.12781290184522, 23.046434630023697, 2.7821272195778453, 0.5652739690247909, 0.35652117415219314, 1.517083278315662, 0.39415271403665586], [0.43433323905547344, 0.4055937454644144, 0.48349958042507324, 0.4157550789843885, 0.7388013597925701, 0.44588386617600195, 13.141796215999506, 0.7629926072055521, 2.143378177492152, 1.5822006491161262, 162.9163748553072, 0.5817059886159114, 14.909081498787279, 27.527457747945203, 447.0680180125639, 31.550513788488942, 101.58006391379926, 21.267267791926837, 346.14180749960065, 13.423026623081142, 4.028982289441591, 2.906612780156465, 167.66896886998, 1.2852028701241636, 0.38572364942595383, 0.5152556862105501, 0.4608746900563873, 0.4397111717982339, 0.42391104965545434]],