{"params": {"params_p_harmony": [189695.19357918212, 145147.74989246862, 68976.0974412845, 58055.93565787774, 19379.559778695995, 9566.593961954517, 4521.134000007198, 3864.711176135059, 3211.6791466313607], "params_p_chordtones": [[0.5082834756877355, 0.731561377569292, 4.155618653565984, 15.572585594040849, 11.344831026185405, 40.89647736715777, 124.28110952090718, 51.57550893791919, 63.846309498973234, 48.21548766697294, 358.03425303909876, 586.8250377718558, 1167.7672897850066, 3535.2130533116842, 43261.971725919204, 43096.79871013613, 7195.390609292647, 8247.80020100851, 38717.7187982618, 3758.8643875733246, 977.5533327031698, 122.12516106984219, 85.13950864758183, 44.65828144552341, 24.451989508562754, 7.9190218385327205, 23.672418197502328, 7.799465305894472, 3.8839845867355947], [0.4796010228849354, 0.3991694149964206, 6.798628523559818, 73.96579548977823, 12.632000417326102, 23.479556271003343, 128.2664296811762, 68.96444255752624, 186.5990396669414, 789.1667048976223, 1690.8112360424034, 850.7252507935186, 10856.149815468925, 4663.603589707239, 23971.014545111662, 20627.021582857196, 5796.214057208192, 6459.678417124374, 11103.38279847093, 451.97326901786744, 625.201206904841, 151.99947187871373, 153.35346311543032, 78.25892530696338, 131.89953416568594, 8.455723675613914, 56.46699999814178, 25.72199985778029, 6.5020742956515525], [0.4539209551191624, 0.44979376593463677, 1.6438542354053254, 21.89714219865819, 6.775261489952497, 7.368641787314087, 2.399070532205306, 55.811729336674226, 93.70283919712871, 99.93798537119571, 838.9439816296393, 13448.28649261437, 3084.358927407011, 2427.9455561094596, 12816.069406881445, 10929.523222141295, 1469.5316022656275, 734.2808652954149, 86.3062585114691, 267.856287967382, 23.830769820422596, 26.115443859843214, 8.038149317196932, 53.44804336629276, 10.293869738280188, 0.9500003125745956, 13.555574633386657, 8.636256993988711, 1.3190564916740948], [0.8198781918184849, 0.4562799515142305, 0.7900098381441163, 3.896838606296335, 8.54184893353481, 8.446432822437325, 19.212050462403056, 24.598672324738747, 148.8461219391939, 131.22450477961797, 439.644138263638, 7708.890710967945, 5772.577717455857, 4337.62413675125, 5778.482936850015, 6981.870885070048, 2150.7781133803273, 355.59544652553024, 62.93887865033609, 82.32931118671966, 23.502920976901603, 9.456665126079743, 6.722512508801852, 48.25437788513979, 7.574438229740287, 5.820019738564823, 0.7009810371139835, 6.942253721678045, 1.8885717384961482], [0.42811810329523464, 0.5131223651929459, 4.299540033310287, 9.162764265312092, 5.253755670116416, 7.297043293270877, 15.625246306810814, 63.212265166129434, 16.5779386903043, 6.092090503498032, 16.07994606996652, 23.64368282628538, 42.75190494724565, 76.37308108265667, 1484.3610276149716, 3509.761632679095, 1024.4959574180714, 806.5432725261528, 3531.8190353350196, 2702.3436697255356, 222.44291119532957, 10.588177263873805, 36.414017318687264, 18.767607849058795, 2.574349736604502, 6.841016407608705, 8.290961969179946, 15.707036621215932, 0.5455280348304049], [0.48860247564187287, 1.1830978396870648, 0.5087251280521179, 7.12113681455532, 10.49508668642106, 177.69439682956792, 69.58761754491677, 30.936593619672117, 591.2726477711927, 36.971568681457555, 170.66167303359666, 576.5477589887444, 87.58482211382446, 91.88861124841502, 626.9576156236606, 107.58766723426767, 107.5195386691571, 676.6265057404071, 68.64892802817921, 107.75412920982356, 459.27540790028183, 13.3210738213677, 77.18433371301467, 127.90309283725614, 3.044883620215553, 9.866210015028145, 12.73126381408544, 2.3122813547814394, 0.42504258786735466], [0.44601283108610257, 0.4638966363031248, 0.41947729935353345, 0.40629021407113713, 1.539552470057287, 0.7852183446760118, 4.4439469126226365, 10.208135491311964, 470.66860232963336, 77.322615761594, 65.86822229521098, 724.5487468044436, 356.7214234579148, 250.64836984687628, 287.35523426351216, 42.857748708554084, 31.271318570372248, 12.244538573234706, 5.011435685442351, 19.340242294430986, 28.23902945351013, 10.456979702085492, 1.9903109169568, 17.138836012031106, 2.4360007615875285, 0.7359262637120261, 2.0888847727888136, 0.4172317232458166, 0.5010264976613449], [0.48304701159592345, 0.45296336948463195, 1.3239552271871298, 4.332751692742066, 1.9495893979740753, 144.04927777103958, 24.857319910470473, 24.404655170323657, 397.1692005137635, 44.085533565369474, 106.22246059179515, 347.76891906707647, 24.22844482324009, 67.56920309645994, 161.62712690098095, 40.15734636099799, 42.05028024605595, 259.3405347445425, 21.021118165734777, 88.66832279117865, 194.57744850985748, 5.645779678846301, 62.21953232607986, 28.83379422832179, 3.427896356042366, 0.6279654500571084, 0.3927974385916289, 2.5322322446568983, 0.43382536280993517], [0.4618602934343581, 0.43243674834458146, 0.5135412958877211, 0.4515248886361581, 0.7767861709932157, 0.47456928201322646, 15.06059945567861, 0.7986881421722526, 2.4021418202004194, 1.7043359669582614, 187.76614002390886, 0.5905542952517259, 15.839440185667431, 31.339742105178495, 514.5900887833527, 35.79250206200559, 113.02379981156392, 24.117248780753034, 396.4474822101136, 14.866457157306149, 4.4558609658560036, 2.9804278125189114, 193.44813843562122, 1.4428093985127148, 0.4110161295155392, 0.5463110985088444, 0.4927919098174403, 0.468585383699004, 0.45166348678777707]],