{"params": {"params_p_harmony": [191602.93195055996, 146603.6181027877, 69666.43677006116, 58637.950941186595, 19570.78852471677, 9662.240453270282, 4566.438730250929, 3903.2923845175405, 3243.589581710778], "params_p_chordtones": [[0.507713094273893, 0.7246430752491381, 4.6653126768066935, 15.48587800681437, 11.292492791034626, 40.70160576243204, 123.87817469495843, 51.00818268275181, 63.57617781005642, 47.82170300657164, 355.293869112994, 584.1544861843695, 1161.6640070304193, 3518.103501971914, 43136.57427880169, 42961.416129566634, 7168.560509995447, 8216.786322901964, 38584.8095777828, 3740.5643364942275, 971.7177647799615, 121.43844412237141, 84.50939895383186, 43.89611532804694, 24.28816362353863, 7.8402874034779, 23.60258440843469, 7.751977120218363, 3.840564854151041], [0.4789965522915373, 0.39856431959129035, 6.776060104692212, 73.6986791409559, 12.584483742492985, 23.41650560860425, 127.80937965786721, 68.7026346858919, 185.88693275875096, 786.8079817127878, 1686.0944453342267, 847.5558324896621, 10807.501451080385, 4649.788943854945, 23870.681017412404, 20542.14405702743, 5782.846892823481, 6432.097689239438, 11057.819325867535, 449.7114855265332, 623.1056016601942, 151.4847643989318, 152.47682495621626, 77.97296977305393, 131.41448943608466, 8.427695724237854, 56.263391943452554, 25.62845173083158, 6.479379856425797], [0.45353259763596315, 0.4493630513709444, 1.672926498343528, 21.81488062165464, 6.756862171652436, 7.344708614536828, 2.2471399033206128, 55.64561609795021, 93.34755874522979, 99.38797846613322, 835.1377472550881, 13404.916705563553, 3073.75322364334, 2417.2652367047094, 12772.718287201807, 10892.559341749728, 1455.8260095060907, 729.186529690525, 85.8458980186664, 264.9327609483138, 23.490197705418, 25.986942859428233, 7.870508519423361, 53.22716543233065, 10.09344279340774, 0.9968247146408149, 13.499225717883682, 8.604467377135649, 1.3260686555415164], [0.857121028224002, 0.4547246111074934, 0.8754654591014672, 3.9165732003632536, 8.510370581234495, 8.448090851401432, 19.108394357995355, 24.74449956522875, 148.34807135960935, 131.90301392211725, 439.5866216062632, 7660.226853433769, 5730.9449518900055, 4332.877929707911, 5769.1186476069115, 6954.527371548905, 2176.4498629624177, 364.570475002621, 64.65119924417228, 84.88056747698869, 24.763412554366493, 9.945775685661154, 7.214169805694161, 48.72575045322953, 7.706672837671143, 6.42236408241503, 0.7576399971804075, 6.985218243314876, 2.5442643409550523], [0.42783329381080887, 0.512806178090627, 4.282660752548369, 9.1281868102398, 5.231119149082084, 7.2395907435878915, 15.542570788563632, 63.08334335465385, 16.51796129742478, 6.05720471291282, 16.046605000495013, 23.38273300896685, 42.622613567478105, 75.6509281198616, 1478.9097837388106, 3502.9556010911833, 1021.8406340294579, 804.6041426390118, 3524.867582856548, 2695.497526872731, 221.09487567802876, 10.510259815391931, 36.301204746080224, 18.492636849223896, 2.560171478789061, 6.823008709782942, 8.274400870353965, 15.671647409314453, 0.5451932649906454], [0.4840844294645771, 1.1667947837314132, 0.5042129459200966, 6.97717140310647, 10.265934685716788, 173.86372350469918, 68.10466247544817, 30.283677296412193, 578.4869980709436, 36.19167203391808, 167.01550085377852, 564.0615866337664, 85.70916369413162, 89.92564490999789, 613.7136787545729, 105.31076035358701, 105.20920555978653, 662.1514262932872, 67.11912534657554, 105.47443162655958, 449.28219718404284, 13.038342765633772, 75.53230572917927, 125.20193596007505, 2.987809667924711, 9.661506661151426, 12.476486703741301, 2.2381000726740243, 0.4212086879529767], [0.43906693289038107, 0.4568591887287714, 0.41307434260909837, 0.3999232837163903, 1.5117918835858424, 0.7959182859501653, 4.300179273132058, 9.867233630381616, 455.0185464710778, 76.69636719329608, 65.15908763562575, 703.2530110244843, 344.96037189700456, 252.1153336461443, 280.8435820051756, 41.37807554425506, 34.924923953404694, 12.969330182516632, 5.620327362611124, 19.014030974402633, 27.75749192698415, 11.724119391049989, 2.015117839456385, 16.534898631599727, 2.395141137784266, 0.7414563808425431, 2.3846791916018275, 0.4108137949004657, 0.4933909649846855], [0.4781748497360103, 0.4487087887612254, 1.3049128248304702, 4.244049273676713, 1.9144432759240602, 140.85495561823518, 24.31082166367714, 23.86584296897273, 388.4783011135117, 43.14173757014854, 103.8728596646112, 340.10963761842265, 23.697583472717454, 66.0856064529893, 158.08413942894387, 39.283202202070264, 41.11643753973529, 253.65354368546647, 20.549875013460706, 86.7538234606818, 190.24017940781823, 5.52253139727397, 60.8501071261672, 28.204990503773352, 3.358849308208398, 0.6219046544629008, 0.3890408599166934, 2.3950702584413155, 0.4295973331096055], [0.4602620408640029, 0.4310633406923847, 0.5117935444812801, 0.44993027605179664, 0.7743965105402228, 0.472900322653222, 14.951010328367587, 0.796999240792206, 2.387352986142854, 1.6944861967478104, 186.3277931710527, 0.5888457641860994, 15.722385736411479, 31.108671136018284, 510.6598449277467, 35.52955372406106, 112.16202403745797, 23.92985147926478, 393.52455786233224, 14.760912712910745, 4.424361020942382, 2.967543385298983, 191.95489011110047, 1.4350093528814507, 0.40963722096339555, 0.5444692921383536, 0.4911085364916925, 0.4669661784586487, 0.4501261658461122]],