{"params": {"params_p_harmony": [197545.2044352028, 151135.15544579455, 71810.0013573233, 60447.56115809479, 20165.837135285128, 9959.458693904136, 4707.27937091175, 4023.2199173993567, 3342.8646400343537], "params_p_chordtones": [[0.5059493046485036, 0.7213509664053119, 3.81343803069939, 15.33860547635682, 11.138182215927756, 40.30085748433372, 122.69866268794621, 50.468999390091554, 62.959163060468306, 47.316785487027346, 351.52611164805217, 578.3833104134786, 1150.2581485599596, 3481.936797023061, 42788.39173599815, 42538.596259943835, 7096.447801595175, 8134.476271095116, 38199.5578461838, 3701.5574437427767, 962.2486498699674, 120.20879576237452, 83.64183056804195, 43.33992170348669, 24.044526106517438, 7.763130856118045, 23.380421701981216, 7.678375136240426, 4.122101498682309], [0.478230515720681, 0.3978935393620879, 6.749696303145092, 73.39271333475926, 12.531155373551607, 23.31064849688222, 127.24955798923517, 68.41236240449871, 185.1222270696387, 783.3503497404739, 1678.6670252179383, 844.0230829450512, 10757.839822012334, 4629.429894536209, 23775.77301952786, 20458.29258799812, 5755.645085306551, 6405.34301293991, 11008.788852144811, 447.5079650012967, 620.6330057565838, 150.8316834110243, 151.80659951988235, 77.64181292735067, 130.87667845424684, 8.394037113513575, 56.023935977652364, 25.519542757963244, 6.451865679861752], [0.4520137517549172, 0.44779988843456103, 1.4651437645597367, 21.605874160940527, 6.695261171627105, 7.276781742192149, 2.173385865759936, 55.10940100022346, 92.45196620528564, 98.38702856446614, 826.6324047007856, 13278.045068587608, 3043.7959360874165, 2392.727149927067, 12649.898596570514, 10788.95759373655, 1437.2856384738734, 721.087889575957, 84.95832751002423, 261.83389736109035, 23.2135429771928, 25.722897236577012, 7.78540156721081, 52.69639716512626, 9.979603419626814, 0.9597841387693612, 13.370248724617747, 8.512013775929656, 1.3099599235685138], [0.8564114607144367, 0.4544010273912877, 0.8790870889657181, 3.908112801209903, 8.495097888274303, 8.43186519486505, 19.071442464470426, 24.694116381838754, 148.06935095142046, 131.65963870769616, 438.7444343714979, 7646.357123773306, 5719.353261134116, 4322.184771933273, 5758.5357458915, 6941.382866105497, 2172.215076531133, 363.98302808762617, 64.49195902750016, 84.65413288292879, 24.711544372369698, 9.929109207357678, 7.201519566092163, 48.63478514056297, 7.693065069559323, 6.419562488068468, 0.7571439735629613, 6.966508871090572, 2.2526289330213904], [0.4235388754451657, 0.508004233068239, 4.214199315849985, 8.971277571422991, 5.147033304464091, 7.193425649798087, 15.328083293605497, 61.73533909498785, 16.231736949974426, 5.996192128343177, 15.704412895187932, 23.369300326058443, 41.82896585380502, 75.36463684246918, 1453.7506768505668, 3427.3103130464983, 1001.1235920176514, 788.1476305650439, 3446.8716276755185, 2638.609737525317, 218.41692545641848, 10.426829690978163, 35.61051718308452, 18.670538932735962, 2.5377507372405153, 6.690962834941878, 8.102530490217148, 15.359390344378882, 0.5400525694337509], [0.46588637147207745, 1.1033327223879115, 0.48590262466454154, 6.41576560233811, 9.400933254328255, 158.77839458064523, 62.2817668698135, 27.719335530350413, 528.5738557317609, 33.15298826226901, 152.6537510014528, 515.4704812404674, 78.3601500861, 82.2330902566358, 562.1323794783547, 96.37054493741843, 96.15538220953601, 605.529437413559, 61.37191615625774, 96.57577177416101, 410.2031804590695, 11.930745469564146, 69.13852131931877, 114.64132948215331, 2.7664632002997154, 8.873059187540628, 11.474575592873027, 2.2360731025489353, 0.40464707366738845], [0.42523155248865374, 0.4429256825463337, 0.4004750058038242, 0.38730812515938623, 1.4387557706231568, 0.76282282049276, 4.021124943520677, 9.166087189617835, 422.17993289794515, 71.27656854808212, 60.48609257904216, 652.7013275505057, 320.586949059126, 234.54151266177195, 260.85964840536644, 38.38688820825738, 32.49740599294816, 12.09098275358164, 5.1763363680359715, 17.635382322643178, 25.779542727321477, 10.818821890851488, 1.9033308035812395, 15.340098247175943, 2.2405031688271384, 0.7083598718299808, 2.0492760208944842, 0.398095542902382, 0.47828239933617345], [0.45062084493041615, 0.43273657574648433, 1.219872914605456, 3.8542246138323337, 1.7737191524060838, 128.66573568178146, 21.57110937566875, 21.87637151095361, 355.8735806069101, 39.42006280163026, 93.23149363813243, 311.2962440275625, 21.428530106999453, 59.02302487351213, 144.18293929992302, 35.76304928314352, 37.359501677681486, 232.0881615642833, 18.606796879370414, 78.92766064384215, 173.41421748180153, 4.877509880738174, 51.300590653334474, 25.82946575219916, 3.086528168465459, 0.58928114157699, 0.3750463497117084, 1.8143702627422102, 0.4126923531899333], [0.4480605387131266, 0.4198433748662153, 0.4985514695124524, 0.4376324900933923, 0.7709717175467168, 0.46021184054119474, 14.099840882622491, 0.7997775191146377, 2.2722804686557643, 1.6700303770276672, 175.35918103573528, 0.5974073902500049, 16.097398982807857, 29.574090728435312, 481.1790811621167, 33.93419961376392, 109.61362763162377, 22.95940231920521, 371.7364373802344, 14.418295998015099, 4.325141687513446, 3.0912568608614093, 180.47143172460898, 1.377452136836369, 0.39878338711174643, 0.5313710561443517, 0.478002086945662, 0.4542717499498549, 0.43800028312602995]],