{"params": {"params_p_harmony": [185983.79036247186, 142315.01125445962, 67632.65474210153, 56924.2286062402, 19007.36769282988, 9380.400203082334, 4432.959655415384, 3789.6144990169487, 3149.595233231892], "params_p_chordtones": [[0.5100270439807869, 0.7171505801105071, 4.108759822002059, 15.550247561319129, 11.257272392102415, 40.97050803056698, 125.05287483332245, 50.66711603576826, 64.0611023537113, 47.833739097465724, 355.4772901199289, 588.044021911254, 1167.419224894214, 3537.336477691534, 43589.42916682707, 43414.94089785245, 7224.7637672325145, 8278.819473247331, 38960.5750797509, 3760.506293829324, 974.8740561181156, 122.03370046033159, 84.62242843599229, 43.10743945356315, 24.355674094269798, 7.80805248321466, 23.848421798544518, 7.775410178710853, 3.4906490966823887], [0.4774535462600431, 0.3972292725798396, 6.881052888539352, 73.91977628761555, 13.915034910729341, 24.903174189595482, 128.52306025334028, 69.25872165369057, 188.69942440950743, 798.4850649763347, 1706.235932720104, 851.4842777891209, 10880.952237591175, 4671.238850175114, 23841.553212040028, 20522.15223643085, 5855.334540473409, 6451.503349849004, 11100.699487033566, 461.60598024471267, 633.1068394127227, 154.33238979695088, 159.37445589675954, 82.22617678012642, 131.5951877719866, 8.70567581294646, 56.98948848622106, 25.73061576659846, 6.480492511349941], [0.45575206748116925, 0.451715478957456, 1.2820372855637523, 22.03565255494899, 6.832455638797604, 7.4194044704131095, 2.3342005917505793, 56.31072768010011, 94.24414217802416, 100.02313263712153, 842.1637039148032, 13575.03955662036, 3107.589642143937, 2438.5878492816246, 12913.571669686906, 11008.57736107173, 1453.2966249949943, 731.7763280958166, 86.50289939096861, 263.78707635817375, 23.231541956175203, 26.20942561663691, 7.6819766966534635, 53.730372045772796, 9.874933955565036, 0.9287350203812348, 13.620843034517518, 8.694791838539444, 1.2600130894430817], [0.7985043182165614, 0.45710649170678214, 0.7486529265891593, 3.8900684462331196, 8.562222976725385, 8.450915878806661, 19.270977295419183, 24.547507284143062, 149.14676949214717, 130.96996000138282, 439.82136142765273, 7734.685290182737, 5794.684985713203, 4342.217195096634, 5784.214922132776, 6996.90893200797, 2140.2908245608683, 352.0695626718085, 62.255741677182854, 81.26869663062477, 23.025769322357082, 9.269539568496192, 6.538680984907559, 48.05894968912389, 7.521454374957311, 5.467738792546283, 0.6797077701145231, 6.912821566029847, 1.5279838876311302], [0.4297543635346385, 0.5149435769230047, 4.303419453718334, 9.17588145366064, 5.251808752481675, 7.215610907410534, 15.576097921988747, 63.654996435858955, 16.611234659342976, 6.057642295985691, 16.19122269944855, 23.170995260314466, 42.913633825600535, 75.21885222496077, 1486.7564502422886, 3535.8838368950187, 1029.9172199802967, 811.3134654696098, 3558.7317508154533, 2717.6813545986292, 221.18370650799443, 10.48961716516232, 36.55489571276942, 18.20510478490092, 2.5601555337743074, 6.872764913920309, 8.347273682367259, 15.795260664535435, 0.5474819786606355], [0.5095917980928969, 1.2756015579721616, 0.5296003182144104, 7.363462861589265, 11.45789644860711, 193.510110279003, 71.43781944352006, 33.6202775126509, 640.4264287007209, 37.479202806979536, 167.13944449621394, 625.1333847114953, 86.26554601222878, 75.28112407118282, 683.5371618333448, 104.91797530374802, 108.27591303484856, 735.6217120484422, 68.20218213975257, 95.27844237603291, 501.31295387359654, 14.056376451080732, 59.92030355416541, 138.92055439769587, 2.940324078487056, 8.436827158537524, 13.884434693912976, 0.9980721286458405, 0.4427709333545696], [0.4494381281470646, 0.46720258405280146, 0.4223873608975419, 0.4092874526882374, 1.5524361036538394, 0.7773013206728113, 4.5102274653067616, 10.365240697031384, 477.78342602543006, 77.51834996471928, 66.13124526419985, 733.9155963499488, 362.0228096371816, 249.7033843925425, 290.13029963660534, 43.52172353315834, 29.869665922383998, 11.941969565856079, 4.800669897936527, 19.46801641175163, 28.453636501335495, 9.445760219641986, 1.9801526887418874, 17.419735250750186, 2.455470285269577, 0.7297983318809539, 1.5715183319054775, 0.42026609690716, 0.504236454861866], [0.5029144836878711, 0.4705132364151807, 1.4232861522144382, 4.307528971393395, 2.0308330259415497, 153.78083626371497, 22.46130380547376, 26.49386393659174, 427.9358677683575, 46.19785495171204, 103.01913105838199, 375.74432457616876, 24.32760838203454, 63.446459021469416, 169.24295385401834, 41.473949991463996, 42.69838681500844, 278.0506224774722, 21.46223401302901, 91.26709942767275, 205.13149863119037, 4.848042117514428, 45.56555124293822, 31.139660932506274, 3.6008271047676366, 0.6055855533067653, 0.4130770102704295, 1.5186796340932516, 0.4510893937206776], [0.4702227166102466, 0.4403167491191258, 0.5225895305381546, 0.46001335052915376, 0.6944589325398058, 0.4832854678851728, 15.665115510260994, 0.6977869593213356, 2.4850157506066077, 1.5949967350301513, 195.10300292791376, 0.5410665821354679, 12.041258906118829, 31.538684455544946, 530.9622137895906, 34.6494270713714, 100.6246662728093, 22.909495681771947, 407.36182313737174, 13.602462024327798, 4.137967219951206, 2.202258142466662, 201.74969543126667, 1.48526185416682, 0.4185619906184525, 0.5557777778040903, 0.5018172082896709, 0.4773599107986952, 0.4600496695782373]],