{"params": {"params_p_harmony": [199593.6742291093, 152707.37224953613, 72573.02417437485, 61099.92549861222, 20367.66633826346, 10064.233319934503, 4756.725619474231, 4065.3945167686206, 3377.7061672894924], "params_p_chordtones": [[0.5065541951167247, 0.7216837729192097, 3.994153890039949, 15.381185558926953, 11.170032801737543, 40.41623770886815, 123.0527498803838, 50.60010576768532, 63.13968954223775, 47.457001528953874, 352.5876618712008, 580.0529236280908, 1153.1077207470605, 3492.130348292381, 42856.555038833314, 42681.041891621346, 7118.0556245391235, 8158.2985040755475, 38325.81467145638, 3713.0582721618835, 964.4536882063388, 120.55758386971652, 83.88462740165139, 43.48924237781934, 24.115367423555387, 7.783965915078863, 23.449375546927588, 7.699492162688707, 4.034277719521455], [0.4783442688777305, 0.3980044151674193, 6.755576881416949, 73.44015871422131, 12.541027526540878, 23.333080599774778, 127.33946403584928, 68.46342091965785, 185.23486154958792, 784.0356667894152, 1680.1090231829623, 844.5751744201726, 10771.677162290338, 4633.804512500762, 23780.541658696988, 20465.597961102132, 5762.685004385921, 6410.002003807983, 11019.187124758366, 448.1123267992601, 621.0058669798595, 150.94826028419658, 151.95927969370743, 77.71567950358872, 130.95373348949562, 8.400573746277574, 56.068505266179905, 25.536794527695537, 6.4560388783305775], [0.45235310694594555, 0.448114769392303, 1.511569713401548, 21.654164452942812, 6.706930002307752, 7.291689742751162, 2.325762518747182, 55.23529316303044, 92.66662942173868, 98.60748384000868, 828.6163120053145, 13309.867784543327, 3051.170917030865, 2398.7170810587245, 12676.083644262335, 10811.066071204694, 1442.0878603399287, 723.043652208385, 85.15481002502472, 262.4787586717574, 23.271069299543836, 25.77920961555112, 7.804323667254726, 52.8107853895244, 10.002427267526322, 0.966121061682895, 13.398167303850016, 8.52824062479081, 1.3460794735132648], [0.8579368385144786, 0.45464485753399864, 1.0038203133302237, 3.9151103452299836, 8.508050812199862, 8.446073491060613, 19.100989300177503, 24.735807944781904, 148.2896168324746, 131.88561828337996, 439.45918395709185, 7657.348033098214, 5727.51219011672, 4330.761884287348, 5766.183235758362, 6950.743228600277, 2177.214017969407, 364.5648881670438, 64.67286184562357, 84.88130576806668, 24.798428965942225, 9.958270665415979, 7.226223640431091, 48.715162790351904, 7.709812267981029, 6.453844748507185, 0.7614760695549306, 6.978671684345219, 2.081138580634825], [0.4218888146445352, 0.5061564435217972, 4.178625819739951, 8.893143504244795, 5.102077363155124, 7.133044483742629, 15.192550795053206, 61.1900036083319, 16.089992529356316, 5.947347377056205, 15.565215472865757, 23.159903349196913, 41.46551727633015, 74.69266490296926, 1440.5328496801997, 3397.410538377653, 992.1553172278104, 781.1014867677189, 3415.6630478842553, 2615.408022049672, 216.4504322641156, 10.338206957357247, 35.29474089251652, 18.509275445227967, 2.5186965662725767, 6.633179678032967, 8.03273578221054, 15.227427167303304, 0.5380764598090979], [0.4578190372100705, 1.0757470749726947, 0.47783901287489977, 6.176141702583573, 9.031648410154084, 152.32324544674043, 59.80640581714679, 26.62391543082896, 507.09779533387973, 31.84877453083939, 146.63401045790235, 494.595828973134, 75.23556503377576, 79.03157735979235, 539.8983756109972, 92.56849607709506, 92.32324044130603, 581.3377193540475, 58.933609134128304, 92.8962342262621, 393.3701172453956, 11.461486254141878, 66.44356060766877, 110.11045404384119, 2.6734579018307567, 8.61371801492446, 11.045744157244286, 2.1475891376503613, 0.3978362703830143], [0.41785358903542735, 0.43559222525080554, 0.3938912519131396, 0.3806659961090432, 1.396109863079671, 0.7367361510235247, 3.883591331156737, 8.809086614038923, 405.2363694368309, 67.80076201477449, 57.549376690307206, 625.6695751996867, 307.9178129433573, 221.60758470340596, 249.38741745388177, 36.881574188895634, 29.33334687355894, 11.197577773007865, 4.712656272290449, 16.797115079453466, 24.58398996785478, 9.880075044794003, 1.8189022039157077, 14.733638543641504, 2.134099441646256, 0.6846054324337059, 1.8150901130922972, 0.39139745898982026, 0.4702730007330011], [0.44030114146512356, 0.42333553552275444, 1.1810779983514437, 3.672150083429839, 1.7032511307993248, 122.19821836429057, 20.545240904995474, 20.783418530682884, 338.09692182323397, 37.51590200346583, 88.6829057647359, 295.555221957604, 20.367759817777785, 56.142113279284864, 137.03847670134135, 34.01307653992068, 35.503058925722605, 220.5116073469378, 17.667356974386216, 75.08685703544305, 164.660022240991, 4.6510129831704505, 48.89570772205998, 24.529939285351247, 2.94419182511867, 0.5778690543220614, 0.3668302720147541, 1.7106626662864193, 0.40346697527950587], [0.4419816514379014, 0.41433222633098254, 0.49189371931450154, 0.4314848726420466, 0.756947576333218, 0.45383044924945015, 13.690566596937668, 0.7845055245466861, 2.2167273396510887, 1.6307916077346174, 170.04391849248566, 0.5902845382342162, 15.584075499592728, 28.6880635751611, 466.66460034884955, 32.90381672247757, 106.06785438641816, 22.226380656745377, 360.80168137001766, 13.98052006432145, 4.185431472996081, 3.005173967367109, 175.00785008983297, 1.3488835094556484, 0.3934117571332191, 0.5244434887303475, 0.4692976692924294, 0.447947033500546, 0.43196100623830613]],