{"params": {"params_p_harmony": [193546.52708157798, 148086.47869665734, 70369.1299110358, 59230.74464119204, 19765.511232222096, 9759.605929212195, 4612.5647657039535, 3942.570928884645, 3276.0887095791554], "params_p_chordtones": [[0.5069629069640079, 0.723225353884258, 4.212258769956512, 15.423296733099741, 11.24747586285138, 40.53032140209399, 123.36641096234966, 50.78864487100688, 63.30983351471892, 47.61418937189122, 353.73017539846524, 581.7749345671583, 1156.8785836791858, 3503.915957608101, 42971.913470581705, 42786.35962932677, 7134.634873290197, 8178.160419851292, 38414.37507694877, 3725.7297092640592, 967.5448677538226, 120.91534448788524, 84.14306018409158, 43.67938562763434, 24.187902943686197, 7.808927744965528, 23.506688524566137, 7.718738769778648, 3.749828822078088], [0.47857162244806684, 0.39819771896786543, 6.760944516354857, 73.52913741774985, 12.556505726244602, 23.355647102907298, 127.49870838149727, 68.5426168179433, 185.47861780889124, 784.8464514716378, 1681.874819761661, 845.6584940459722, 10780.034254214625, 4638.288771227426, 23814.298758894703, 20494.39602707318, 5766.707983764636, 6418.550598068687, 11032.96314697798, 448.3750603883555, 621.8032643202773, 151.125073516287, 152.10492325722595, 77.78751399782827, 131.12251046609273, 8.408728468070365, 56.13073413421192, 25.568436395937248, 6.464704059530197], [0.4527128996260115, 0.44857519197131934, 1.4372873164584166, 21.70627843403195, 6.7246925856965865, 7.309118978084456, 2.401798016525252, 55.3616617302324, 92.88639749752478, 98.88647573851385, 830.8207793617692, 13339.468340032316, 3057.8837094442515, 2405.804868710603, 12706.034338791715, 10836.967230354316, 1447.4687848661379, 725.2289470558077, 85.39056496613797, 263.35167875372, 23.36792267472753, 25.850724340527712, 7.835400864890418, 52.95374044580468, 10.046360571944827, 0.9656123323645139, 13.433512916125588, 8.552983638687325, 1.3349388566348144], [0.8585863924301373, 0.45484833909650296, 0.8762765035411121, 3.9189507379681094, 8.516299035366321, 8.454134995724827, 19.122032675051173, 24.75905117519662, 148.45765528963514, 132.01673420278647, 439.9978709214224, 7664.997102571328, 5733.862625159924, 4338.803118662453, 5775.177639011763, 6960.225700312362, 2178.4001951023347, 364.0758676044166, 64.70117274967423, 84.97459480627636, 24.777083228219894, 9.953733277831184, 7.218985504605961, 48.750271009336494, 7.712883857638402, 6.428502168221183, 0.7587970403827637, 6.989893791436754, 2.515462528158096], [0.4272540337888744, 0.5121606004124216, 4.2695153865663045, 9.100587366864206, 5.215004489725315, 7.21858105620056, 15.495308230860108, 62.892435568591544, 16.46791961838281, 6.041395842707631, 15.99747284107433, 23.310904963159796, 42.494685912805, 75.41233682425978, 1474.6212455431287, 3493.0219728916363, 1018.6601092502127, 802.0909471137458, 3513.786154895569, 2687.471246555966, 220.31891147250607, 10.4805743963707, 36.19184293123879, 18.438422994242277, 2.553600022178691, 6.802484548927312, 8.249800760666394, 15.62533588347655, 0.5444974431713849], [0.4795691088836089, 1.151026073846069, 0.4997132479369074, 6.8152206243599815, 10.043462032927811, 169.90024867104177, 66.41945717926811, 29.61689967864928, 565.1654721706026, 35.281354957291576, 162.3571831598908, 551.087806015829, 83.39121211656968, 86.34646421823565, 600.1335364091, 102.53642871696891, 102.40320348769383, 647.3033444244985, 65.35992548407134, 101.88167537859601, 438.96638803402476, 12.729821669431521, 72.16145525523895, 122.443389360659, 2.9063939808141366, 9.336920699433756, 12.221327434825836, 2.131381489103893, 0.41736498050840454], [0.4351070847837235, 0.4528978740310217, 0.40951595700240456, 0.3963348123493219, 1.4919027905178202, 0.7859563058119061, 4.2210310160840825, 9.665795749872524, 445.6871948612408, 75.13709923130448, 63.81846532437536, 688.7118689131539, 337.97449946876293, 246.98862262681777, 275.04926002307803, 40.528834422134366, 34.21013426816062, 12.714073356505839, 5.508719375053083, 18.615616833191506, 27.187691672576133, 11.502356795844662, 1.9827443617850078, 16.191852959217773, 2.350932236739578, 0.7324600398942857, 2.32451270521576, 0.4072041706246317, 0.4890658135968314], [0.467917766008478, 0.4444291506576498, 1.2817643605006541, 4.132768767318268, 1.875517729590611, 137.46167344857636, 23.517046414126973, 23.318129567198824, 379.4487231626606, 42.108865100111885, 100.84172606984704, 332.095964374354, 23.05978620388787, 64.08193957961724, 154.20563043663944, 38.30043203455002, 40.07197511204536, 247.66117299294032, 20.00228719166154, 84.57533508340191, 185.54613512835283, 5.33515666122302, 57.97863929551034, 27.550568112036046, 3.2840469805145744, 0.6122686327598051, 0.385280451695126, 2.1493604404051463, 0.42428775516334755], [0.45600398277844617, 0.42703257863763444, 0.5072309174985359, 0.4456211072184316, 0.7900111514074009, 0.46848978290221566, 14.651286698306984, 0.8206468071722328, 2.346432653821039, 1.7226567465734888, 182.57647028788634, 0.607486885880774, 16.75439304430854, 30.755118635319818, 501.00114795281814, 35.29749958746006, 114.0523592222788, 23.925491506038732, 386.5013048635193, 14.980267328172319, 4.486938751263571, 3.209834880328878, 187.933749980996, 1.4141227123901554, 0.4057978458404735, 0.539705924128392, 0.48653515219974025, 0.46250856181698313, 0.44584214954881174]],