{"params": {"params_p_harmony": [454179.59375, 224176.828125, 183693.890625, 58376.546875, 38638.78125, 31292.99609375, 25592.677734375, 10600.57421875, 3810.00634765625, 3162.67236328125, 1588.5816650390625, 1435.5692138671875, 535.6763916015625, 330.2953796386719], "params_p_chordtones": [[7.177670955657959, 2.791358470916748, 157.09188842773438, 188.0407257080078, 140.8560791015625, 81.61754608154297, 349.4468078613281, 657.3878173828125, 515.6693725585938, 363.0879821777344, 3472.015869140625, 9616.29296875, 4663.07177734375, 6483.845703125, 98566.0078125, 72714.828125, 6652.13037109375, 5829.3564453125, 62101.578125, 7135.85009765625, 553.349853515625, 2131.889404296875, 1509.0892333984375, 269.8298645019531, 110.150390625, 192.71627807617188, 154.79747009277344, 50.53386306762695, 3.558539867401123], [8.457189559936523, 4.290318965911865, 12.984439849853516, 81.52303314208984, 42.92757034301758, 66.46305084228516, 82.86679077148438, 540.949462890625, 1697.524658203125, 308.6627502441406, 1286.9979248046875, 34094.5703125, 3900.171875, 1778.2586669921875, 43600.34375, 32472.296875, 2877.419677734375, 2484.875732421875, 3082.33154296875, 774.7686767578125, 262.776123046875, 374.50006103515625, 263.14239501953125, 64.46659851074219, 12.097125053405762, 14.693425178527832, 22.411823272705078, 22.955045700073242, 3.7933239936828613], [8.559087753295898, 22.758983612060547, 43.66132736206055, 80.35482788085938, 47.310787200927734, 45.154937744140625, 39.86075210571289, 42.9902229309082, 415.43829345703125, 83.0708999633789, 67.83357238769531, 1716.9122314453125, 10262.90234375, 230.57498168945312, 12979.69921875, 10724.5986328125, 766.024658203125, 287.3196716308594, 8156.9462890625, 951.36767578125, 103.36585235595703, 230.96990966796875, 247.92987060546875, 38.50496292114258, 18.382110595703125, 18.276155471801758, 30.49403190612793, 10.328495025634766, 0.2887328863143921], [13.345969200134277, 22.92317771911621, 5.406558036804199, 15.441322326660156, 164.03033447265625, 377.7646179199219, 68.49356842041016, 470.7956848144531, 6008.9365234375, 584.7182006835938, 538.1092529296875, 8729.0966796875, 749.56640625, 298.53875732421875, 6729.3369140625, 1138.736328125, 116.05509948730469, 399.3034973144531, 195.28048706054688, 31.94109535217285, 33.97693634033203, 62.43977355957031, 7.093242645263672, 11.25532341003418, 1.964842677116394, 0.44799941778182983, 4.047041416168213, 0.46979421377182007, 0.4254262447357178], [12.719306945800781, 74.2717514038086, 11.398393630981445, 9.906769752502441, 239.93788146972656, 2572.36767578125, 53.13484573364258, 155.67083740234375, 2804.9560546875, 289.0624084472656, 111.65950775146484, 2441.502197265625, 312.4268798828125, 46.59639358520508, 2410.14501953125, 458.8352355957031, 17.376144409179688, 12.034872055053711, 121.48645782470703, 4.633882999420166, 0.6792805194854736, 29.946434020996094, 2.2311267852783203, 2.8838608264923096, 1.7479430437088013, 0.3007807731628418, 0.8083594441413879, 0.4211377501487732, 0.3162844777107239], [3.9003665447235107, 4.704751968383789, 0.484116792678833, 3.035811424255371, 15.041420936584473, 10.952025413513184, 3.2267260551452637, 31.383113861083984, 239.24566650390625, 21.624950408935547, 53.167869567871094, 2036.4661865234375, 2236.820068359375, 45.07637023925781, 2068.056640625, 1853.78955078125, 141.43104553222656, 8.541534423828125, 137.34432983398438, 40.256874084472656, 13.336557388305664, 11.106590270996094, 19.924774169921875, 18.237672805786133, 16.634666442871094, 4.753903865814209, 3.072880268096924, 1.3143243789672852, 0.9559365510940552], [11.682268142700195, 10.555024147033691, 4.413990497589111, 10.439242362976074, 44.31993103027344, 79.11791229248047, 25.114099502563477, 54.57948684692383, 1320.7430419921875, 85.79735565185547, 31.462871551513672, 1514.8966064453125, 1640.2525634765625, 29.722763061523438, 1536.3319091796875, 254.23233032226562, 8.048879623413086, 12.246652603149414, 67.31088256835938, 6.989232540130615, 9.281862258911133, 8.812278747558594, 9.87707805633545, 1.2629581689834595, 7.9088826179504395, 0.32865777611732483, 1.0950838327407837, 0.28892651200294495, 0.2716584801673889], [0.28498420119285583, 0.31987980008125305, 1.0987937450408936, 3.1706035137176514, 1.6306096315383911, 1.8328019380569458, 0.4470493197441101, 11.799345016479492, 10.573906898498535, 2.9203078746795654, 0.617673933506012, 82.20475006103516, 37.219947814941406, 0.7166876196861267, 675.2569580078125, 613.1500244140625, 38.465030670166016, 15.464507102966309, 578.5548095703125, 633.7635498046875, 5.656414031982422, 8.543538093566895, 21.33416175842285, 3.7637460231781006, 1.497268557548523, 4.2414164543151855, 3.78047251701355, 0.7323221564292908, 0.29773932695388794], [0.46546489000320435, 0.48395583033561707, 0.46783673763275146, 2.4985463619232178, 6.6512532234191895, 2.0454957485198975, 0.5148534774780273, 15.934684753417969, 3.8043999671936035, 4.358591556549072, 24.26576805114746, 103.99178314208984, 5.417971611022949, 24.239585876464844, 737.1140747070312, 193.73715209960938, 13.974475860595703, 27.801538467407227, 652.4299926757812, 124.76895904541016, 5.266414642333984, 39.5422248840332, 670.750732421875, 78.39253234863281, 6.176895618438721, 7.060319423675537, 8.606634140014648, 4.09051513671875, 0.502499520778656], [1.0215380191802979, 12.219796180725098, 4.254375457763672, 12.461406707763672, 231.4326171875, 263.7498779296875, 4.106640338897705, 31.607643127441406, 318.7528991699219, 25.66106414794922, 5.544259548187256, 36.06861877441406, 7.05520486831665, 0.7387029528617859, 208.94290161132812, 22.49359130859375, 0.8529937863349915, 1.951786994934082, 4.759975910186768, 0.2801958918571472, 0.3140527606010437, 0.28787821531295776, 0.3163582980632782, 0.29691487550735474, 0.3261668086051941, 0.35077813267707825, 0.3237723410129547, 0.3512435555458069, 0.3328006863594055], [2.581026792526245, 16.822999954223633, 1.8203482627868652, 12.437017440795898, 212.85952758789062, 56.618751525878906, 0.5917987823486328, 75.04944610595703, 258.0216064453125, 30.951129913330078, 4.240056037902832, 72.22354125976562, 19.167978286743164, 9.490045547485352, 190.88722229003906, 31.445533752441406, 1.904572606086731, 33.54349136352539, 14.669800758361816, 1.2629694938659668, 0.47884681820869446, 0.4602977931499481, 0.4871092438697815, 0.4235702157020569, 0.43091925978660583, 0.45932888984680176, 0.4862084686756134, 0.4615176320075989, 0.5002391338348389], [0.992891252040863, 0.3120732009410858, 7.242160320281982, 0.805598795413971, 4.02177095413208, 4.379899501800537, 1.1937572956085205, 7.263644218444824, 89.21339416503906, 18.038843154907227, 3.554609537124634, 29.306400299072266, 84.24162292480469, 2.3841779232025146, 87.75755310058594, 38.15203857421875, 0.8261751532554626, 18.86098289489746, 77.36080169677734, 15.431879043579102, 2.5994436740875244, 12.05219841003418, 3.1893680095672607, 0.8582857847213745, 3.384429931640625, 0.32293516397476196, 0.32275134325027466, 0.30416807532310486, 0.3489258289337158], [0.271587997674942, 0.2870544195175171, 0.2971643805503845, 0.30320045351982117, 0.9590892195701599, 0.2730318009853363, 0.3002881705760956, 0.32232481241226196, 3.652341842651367, 4.841993808746338, 0.6763264536857605, 31.019027709960938, 4.6605305671691895, 15.053848266601562, 34.760311126708984, 25.145896911621094, 0.26636892557144165, 11.288739204406738, 2.6620864868164062, 23.466035842895508, 0.2593557834625244, 0.32621195912361145, 0.27127695083618164, 3.583824396133423, 0.3506541848182678, 0.32779696583747864, 0.4814649224281311, 0.31335437297821045, 0.3130592405796051], [0.34898555278778076, 0.29898396134376526, 0.3319289982318878, 0.32240018248558044, 0.38308432698249817, 0.35292065143585205, 0.34460729360580444, 0.3350295126438141, 1.437304973602295, 0.5128697156906128, 0.30616170167922974, 0.7950015664100647, 18.590829849243164, 0.4321247935295105, 31.05807113647461, 4.391964912414551, 0.4094410538673401, 1.6748312711715698, 23.28489112854004, 