{"params": {"params_p_harmony": [429325.19156451314, 212158.80441828593, 173541.52732246713, 55237.92711162141, 36340.28525598353, 29714.031201743506, 24493.12369243972, 9954.846912246298, 3642.589896995824], "params_p_chordtones": [[7.380275173307969, 5.339860850807983, 157.913057816975, 182.58040726376413, 138.1204989739432, 81.29445951395905, 344.08044516594816, 639.1601388661318, 508.9504029963503, 353.7540588695732, 3398.4388497232867, 9370.224707736696, 4500.919521535781, 6355.234519727543, 97348.7650320938, 71644.31445180505, 6590.589925395842, 5735.146993054269, 60804.60715670868, 7123.772725325389, 550.9291039323209, 2117.992904886142, 1499.4529967863439, 283.06399767128, 111.42247567964709, 188.666286713732, 153.20642898835922, 51.15515334612729, 5.52767639060343], [8.726106347242995, 4.124056464120137, 12.799611815444074, 82.98891224722446, 42.0350554143613, 64.92542178448757, 80.38217040956278, 547.5020513385292, 1668.7658527197134, 311.2866851247508, 1307.25504108018, 34614.44829382172, 3937.4093802597868, 1820.2405591892423, 43736.87238476105, 32324.85337549702, 2822.9121013643467, 2561.5860015854596, 3079.319012296129, 788.9546736207359, 277.1474275754262, 379.4975742568678, 258.35074007487884, 67.10367243796547, 11.425489139400996, 15.880133370558358, 22.074206455786403, 22.486375706574638, 6.1843400110077], [25.90685072960978, 25.01993317571909, 45.53061872732132, 85.04952140554494, 50.834189361741466, 43.49722624526595, 42.53765095364651, 44.58077527631041, 454.2153097737004, 89.3728140788833, 69.23571405939448, 1848.3280022155336, 11122.065604658055, 248.3425402006394, 13935.431952911777, 11616.343748105643, 834.029425729427, 310.5649732767731, 8735.330085220048, 1033.7317056465142, 115.23580324614261, 256.6292863953959, 277.39494797762285, 42.165954630131424, 20.391126529207092, 19.00764437990917, 33.746032674147685, 10.754649767872353, 0.37232513828352043], [14.170356035100196, 22.14970507686801, 5.914036432940395, 16.40785523394281, 169.45272750953686, 393.3193562489061, 70.06291254097056, 493.8981767180744, 6156.662585133369, 615.6732059426445, 539.7866892541775, 8958.65457282724, 787.8470337131419, 314.84087299069205, 7066.477196342755, 1172.9162872480254, 118.29037451457069, 406.0771109547284, 212.84772965551053, 30.917616838090435, 35.25445778129957, 64.20634849435963, 7.245606975378335, 12.704794706494987, 1.9047306271265032, 0.504927199519493, 4.277046253317088, 0.5038956185807136, 0.46466905910256845], [14.917626814735588, 90.55484487240767, 13.536518975168251, 12.18977385263474, 281.3990593127148, 3097.814041525546, 63.03876391717716, 186.30714134325885, 3391.047451304535, 345.40400575526905, 132.6219168635208, 2942.8718982829237, 368.43992042762994, 56.57699403142264, 2859.4886088201506, 543.1624248818765, 19.9650175604801, 14.240591736599196, 139.30463396273117, 5.228649414790286, 0.8057095965187026, 34.16475233223185, 1.5168933968998042, 3.848323599398375, 1.2810073728758085, 0.29779734985903467, 0.6912870120641352, 0.4602545674220286, 0.3694311130669333], [4.909337538346639, 5.222914795804325, 0.5955793855383952, 2.783375075064945, 19.10197920202384, 12.639876458779574, 3.5825135923128295, 37.685096587910486, 289.394709968145, 27.662690457376247, 66.82400852277216, 2491.074665981506, 2778.407461948391, 57.85664915334521, 2534.328824844965, 2290.0065209289737, 182.2007993490718, 10.795689507782551, 170.6531296067187, 50.73672717598291, 16.731754508913355, 12.928119725700752, 24.672727120364392, 23.496668319973015, 20.616006617234074, 3.6365886006296684, 3.991969026851386, 1.4312963475940175, 1.1232702295533519], [14.945687734753184, 15.247872167848918, 5.69541298176463, 12.514440490299673, 58.4057465827886, 106.65287792350114, 32.19295800465058, 69.59013753410377, 1723.9604843943885, 109.7794368937678, 41.839618191293454, 2016.6538395243492, 2102.8766721951138, 39.693742305937214, 2036.9994547511549, 331.6558134062166, 10.5034487797485, 16.76001036506915, 87.40083605492448, 9.387793143220748, 13.028824394590263, 11.778917489185456, 13.489829815763771, 1.346220834065844, 10.458215972160286, 0.3134315723363581, 0.7524681598261601, 0.3098468242555653, 0.37664161594484324], [0.3593877339853248, 0.34965745833324735, 1.0154450453779058, 4.178430019488257, 2.2466011614231673, 1.5113338966237226, 0.554117627684482, 15.532092753524363, 17.07499268085192, 3.31374189040876, 0.9050783311723359, 128.89617028661368, 56.31376501033356, 0.972556944389411, 997.7563571378885, 886.0961833341033, 58.92271350170229, 22.201857750782175, 855.2721557766812, 952.6931434783412, 8.25643893007168, 12.348280409716711, 33.24373791859753, 5.323109552627601, 2.169480425084791, 4.25336435503741, 4.956947926486901, 0.8166042465937919, 0.3308455840803934], [0.467316490252735, 0.4375653103243344, 0.5193873195960514, 2.3195722491497186, 6.863751600395651, 2.0649039917320637, 0.4964261157042348, 16.595858473310596, 4.314433072340996, 4.298859878921142, 21.758926149726953, 104.83383060967194, 5.809176726374947, 24.948708227435567, 749.2345874186358, 203.8381480093623, 13.373441798481812, 27.399558881776873, 682.7781282991982, 138.03096523161298, 6.241882962561846, 42.655102561839264, 694.8583958440416, 81.65473837517696, 6.506684915526181, 7.586997659325407, 8.846258104134519, 4.03286758768074, 0.4571833988365695]],