{"params": {"params_p_harmony": [421452.67749780865, 208146.3859997826, 170340.1864073495, 54215.392320631785, 35664.28692613859, 29161.49494008748, 24039.72679272926, 9771.41402595107, 3575.2624327427875], "params_p_chordtones": [[7.416471949090366, 5.0220175987614715, 158.92771012440375, 183.7779529379809, 139.00282246076733, 81.80042920238724, 346.3593152032549, 643.4568620972018, 512.3150930365802, 356.1431479334288, 3423.13573971151, 9434.678062439827, 4534.810030665534, 6399.661298301717, 97971.97850789546, 72107.8892033708, 6637.341464622798, 5777.217978784541, 61195.67160595714, 7177.3613816878515, 554.5730747563304, 2132.300611846889, 1509.4702587311665, 284.91813790759625, 112.12818530815584, 189.8865846058146, 154.21690953855594, 51.480789349372564, 4.664037488117789], [8.737790914274335, 3.759940859848932, 12.8193208282089, 83.10705030073731, 42.095515578544614, 65.0229025130883, 80.50692862661484, 548.4078576527774, 1671.948365029983, 311.7462545505572, 1309.3634398285635, 34660.64309866941, 3945.109146812277, 1823.3585915794615, 43796.55678604357, 32368.096013725546, 2826.919451940518, 2565.612295507866, 3085.1038234898224, 790.0740737985975, 277.5788484451698, 380.0562734622646, 258.6968658670833, 67.25848134566401, 11.446076217616213, 15.901787750159855, 22.105339414270773, 22.51895683422988, 6.244905376052389], [26.916752456547254, 25.82059794632977, 46.976451435294855, 87.75266228089119, 52.43873387902257, 44.812247156072715, 43.92129229893023, 45.995740965358024, 468.9196370524061, 92.25924155594025, 71.46220941125794, 1908.0172733612171, 11484.477992600203, 256.2044804952983, 14379.59665445123, 11989.604250315191, 860.7747667446424, 320.57464330576136, 9016.89059789819, 1067.361914806471, 118.89568647074276, 264.76783966043894, 286.19725409348644, 43.500484067176195, 21.0324879290616, 19.62442883733429, 34.8112249970307, 11.091690967652909, 0.3776025686958621], [14.306634512651758, 22.362238995513515, 5.971092065137329, 16.565022947845822, 171.08142091426367, 397.1257295588434, 70.7380981156333, 498.7791254169396, 6216.426098105748, 621.7075200765048, 545.4353586837948, 9046.095865518695, 794.6444133068721, 317.87071192123386, 7135.21203405956, 1184.5407541686845, 119.43868500765724, 410.0955256275405, 214.85747817938434, 31.22159939828028, 35.601554160571645, 64.8410333258913, 7.313646438798465, 12.820786436848447, 1.919881717843946, 0.5067477610657269, 4.3138356783418565, 0.5055770051427196, 0.46623284994713354], [15.692119807913135, 95.10798643588114, 14.198036360482961, 12.788972465204935, 295.432358209571, 3253.804102746778, 66.22970013130391, 195.7143064661538, 3563.4461683994427, 362.8901782676567, 139.40838060621084, 3089.715423027708, 387.10864243274295, 59.432809361342706, 3006.2767082989617, 571.0385770123631, 20.981243898128536, 14.94923677365262, 146.4956528242893, 5.472919155929899, 0.8297324435979869, 35.85410113708323, 1.3256083632536486, 4.025916716564153, 1.1895983996989479, 0.33659671242797556, 0.7061295255728168, 0.4580556437012297, 0.30886074619462184], [5.180256750062087, 5.516123655302847, 0.6086864278653104, 2.8656408811838583, 20.22789427249041, 13.21317171920232, 3.7487282052038005, 39.729502169156724, 306.51419707532534, 29.237202869205984, 70.62293032948041, 2638.315348309843, 2944.089917206785, 61.17817689248717, 2683.5628693332287, 2424.262837369657, 192.8069666837634, 11.396467730176719, 180.72996390082642, 53.61461144406056, 17.625438160714722, 13.508477143192055, 26.112876315389602, 24.648298929444973, 21.77080587944309, 2.8703904358624666, 4.205225701510174, 1.52998256607135, 1.1721101933235456], [16.04986371718988, 16.373041897943285, 6.138717677127054, 13.433538732824672, 62.816379523536355, 114.69609870252965, 34.660268111136745, 74.97101110558259, 1857.5044190842118, 118.08438633604484, 45.03159163109757, 2168.7413618716914, 2262.2081931169982, 42.724299891331924, 2191.8982352866433, 357.5330416580991, 11.282722832847913, 17.990883830213598, 93.98149341237537, 10.090469592367242, 14.01290897646266, 12.655871259697747, 14.485978344211286, 1.423316155555647, 11.239731168464346, 0.32281764165344423, 0.7931482422634116, 0.3189170128205, 0.3876706447659204], [0.37404673721608467, 0.36312469378156603, 1.0515271086624536, 4.5322908322472335, 2.441977699749653, 1.460902175874204, 0.5825747536511703, 17.031898105731045, 18.652843597504432, 3.004657770533111, 0.9438807269167293, 140.9160846780939, 61.478573573945134, 1.0017142890468054, 1088.9284306808147, 966.2855577557323, 64.36955588603438, 24.23586878048907, 933.9697216750637, 1038.90908284327, 9.011509180932915, 13.474420830776738, 36.306386898601644, 5.7822302136764945, 2.331763457239394, 4.203594993934951, 5.396409616572948, 0.8767893393083513, 0.3443672221703946], [0.4689029659617867, 0.43901809017546295, 0.5211124946695174, 2.334933116994219, 6.914708963498259, 2.0930979459990184, 0.4980735195782142, 16.729122395275237, 4.344849051284976, 4.3314724310048085, 21.93601672517352, 105.64252620369828, 5.855090767021744, 25.143005961300066, 755.1834204461404, 205.46316218153027, 13.480758490503355, 27.626225384669176, 688.0362517169262, 139.12091333417584, 6.2889345014034985, 42.992846557611095, 700.3900006293206, 82.29061320790477, 6.554304662824745, 7.646112802939463, 8.913755760672945, 4.061257873846523, 0.45875697409290983]],