{"params": {"params_p_harmony": [408356.93886930496, 201787.20695141912, 165092.66897710325, 52529.70778772413, 34556.49750528538, 28253.605186482328, 23306.519858591648, 9474.25972845761, 3465.3866740273147], "params_p_chordtones": [[7.578957275168725, 5.38428554586534, 162.7400393608675, 188.1828871723467, 142.37849297685054, 83.37522393240411, 353.62757763822447, 659.2097108172835, 524.6476688491387, 363.9936947945211, 3497.6188263905733, 9661.693856355028, 4635.53411983574, 6550.091964628615, 100374.72433661493, 73855.79198230249, 6789.739902401177, 5904.22841240741, 62691.49883424458, 7329.80893031756, 567.2580477112825, 2183.2554733089655, 1545.8997434061662, 291.45382789641684, 114.4109684788604, 194.42534191194395, 157.80512578492758, 52.51046681898436, 0.9786057691249289], [8.764141076298106, 3.38784109263566, 12.889568911396928, 83.3567439012521, 42.22122515454211, 65.32236019082004, 80.87449435051214, 549.923401236752, 1675.920126947235, 312.9177638333377, 1318.8564757277945, 34766.85954787988, 3970.536038264855, 1830.7199255480193, 43932.79727453496, 32461.48443646681, 2839.9630016746496, 2584.595809193378, 3092.830690945982, 795.0783789579716, 278.9615750453836, 381.1679787500896, 259.4885970674395, 68.66757109241983, 11.575771561300062, 15.958948901030597, 22.189216497088736, 22.590154631295455, 5.998564451303244], [28.304213535726362, 27.43195555838561, 49.41394869949135, 92.57534954479421, 55.64075580422396, 47.15037415635504, 46.34140401631384, 48.701516279859234, 498.17543268490823, 97.5168636595471, 75.88194701227597, 2025.192538047201, 12202.325004243507, 271.7253949107245, 15273.603939128792, 12736.793351960352, 914.2013069744007, 340.55483105561086, 9580.042251754681, 1133.9853353503017, 126.22641916418, 281.1271270763366, 303.74629454397416, 46.144051456588436, 22.272156302561218, 20.782168591792725, 36.88579743982641, 11.755722463095303, 0.3876577355360249], [14.5491802838008, 22.73484184035553, 6.078974140227723, 16.833381433173095, 173.97139801343423, 403.68015265508393, 71.91697394038157, 507.27777097326225, 6323.193835159319, 632.2048674463184, 553.4639223192269, 9200.672998325135, 808.5156547764063, 323.03798189003857, 7257.598186986292, 1204.5643602611522, 121.43946148594078, 417.0103006501269, 218.51365273716993, 31.738935092137655, 36.19491954193996, 65.96261603103949, 7.43184010960048, 13.022638449787973, 1.946808558261048, 0.5099416426276651, 4.385389260658938, 0.5085810654132991, 0.46899102983847024], [17.597762527064866, 103.6297244643318, 15.441581892024061, 14.007108437437315, 321.5003531672975, 3543.939692262999, 73.18136540631943, 214.1675996246733, 3883.9354194375646, 396.3076328966918, 152.7305458436407, 3361.6437247094727, 424.23706619708713, 65.2952371402361, 3279.7174812547446, 622.9210585501062, 23.120845868236334, 16.31876711749342, 159.8954180757151, 5.970198737184541, 0.8654308406803753, 39.10720459976357, 1.4191576740719496, 4.381943456351741, 1.315570162919326, 0.3374636234801689, 0.7937824438621444, 0.43518601918034483, 0.38304556778464943], [5.68268799278329, 6.158637252766997, 0.654644953693446, 3.456851080880683, 22.28370759301918, 15.163839387229675, 4.1620997801598065, 44.23088434924643, 337.3642164781098, 32.09477179614608, 78.06349905161312, 2902.5253889374762, 3241.5119310120745, 67.20342456385941, 2953.2035002454095, 2666.6627408929025, 213.16402724483572, 12.51742990751804, 198.86990846392519, 59.23710315853071, 19.541094165078114, 15.544855559681169, 28.737852160350577, 27.877915801112934, 24.10565711823175, 2.64864646279976, 4.613734562653304, 1.6646189993163796, 1.2683065404377851], [18.049810937468408, 18.51120400464312, 6.895767837652606, 15.177160322894611, 71.26405109466465, 129.8649755639978, 39.286284567485666, 84.72778912155971, 2113.6705424469756, 133.89051610271835, 51.13221003674379, 2458.374136247314, 2569.5645739223933, 48.03976416641476, 2489.9213832191317, 407.03438512340733, 12.70077437795093, 20.12416763319683, 106.6648285770662, 11.339559416369667, 15.785252803600784, 14.22889437837714, 16.36895272733676, 1.554926403755807, 12.70198229608123, 0.33967406105993647, 0.8373006119580088, 0.33361201362383985, 0.4072423060664548], [0.39811507279840613, 0.3853003929098737, 1.0719773619399342, 5.152157556928758, 2.754746517827137, 1.4408771636765798, 0.6226064450848705, 19.25728186168643, 21.4566540271133, 2.3630332149264883, 1.0179943175859838, 162.30356472800938, 70.48079403097971, 1.016783757495388, 1250.7720554587925, 1109.6433744521753, 73.65190447695556, 27.838040689749175, 1073.7612505330608, 1192.69455457191, 10.355704018778676, 15.358737319096345, 41.757603490487575, 6.581618010602799, 2.6193991668406134, 3.7635372073382065, 6.178989301974411, 0.9751724796223501, 0.3660238399724153], [0.471126913634423, 0.44103872250027565, 0.5235396562355489, 2.3565777170142255, 6.986601204100455, 2.001946090703938, 0.5003840778117984, 16.917405074272782, 4.387728326519444, 4.377610087751973, 22.181178492520424, 106.77856325000198, 5.908464483781624, 25.415974301855716, 763.6023625885343, 207.76562179809898, 13.631065627324135, 27.939216638520996, 695.4806099976369, 140.62451429986393, 6.354203543631561, 43.469233932815506, 708.2337177905544, 83.186903402943, 6.621130200724402, 7.729541161884114, 9.008536098364008, 4.1012042797955655, 0.4609593180424317]],