{"params": {"params_p_harmony": [453274.40913568554, 224851.72360615793, 183574.98626248445, 58291.60599802599, 38661.88188451967, 31537.21910780359, 25972.908046892655, 10594.383152302538, 3865.4400661200857], "params_p_chordtones": [[7.480689852573633, 2.621849948573694, 160.05557358549729, 185.28153932568915, 139.35771447976722, 81.87931330652789, 348.0652233946315, 645.5783286847816, 509.8900153327914, 357.59015298195266, 3447.0910219541292, 9555.590204156653, 4574.569260275817, 6451.36648040811, 98816.61985323565, 72765.65019589906, 6690.386031799311, 5802.026124374965, 61708.177883900105, 7207.672537686066, 559.3408274607764, 2124.748472783892, 1514.9080915884363, 287.00160326293314, 112.81120810467965, 190.23228172309481, 155.32031422395474, 51.978097391668726, 3.6619305104836783], [8.677525713420719, 4.8584896107673226, 12.720550247808786, 82.27379197774796, 41.74509566509622, 64.4272351769808, 79.81949975976804, 531.0975992524128, 1682.8412582930996, 309.4340070051714, 1296.2638679488323, 34286.88180798466, 3931.6112497497566, 1813.1315101223768, 43543.89089715038, 32215.1401918657, 2828.546683883289, 2535.250248067981, 3051.134997032803, 784.7743159534349, 275.2450167739872, 373.0862287563669, 261.29222852644847, 66.67472595945665, 11.351065109572966, 15.739875202259155, 21.87919972661535, 22.34726886568726, 3.3780849174149896], [6.305784892058699, 23.05265448758113, 43.34969906723626, 81.98227157830236, 46.88988350820821, 45.0694673103317, 39.52390613345849, 41.402172149464185, 417.39972347684676, 82.73835531376503, 64.19622429490403, 1715.5890262456692, 10264.871167129731, 231.65056462844993, 12981.974280172331, 10726.96437153083, 762.3888935450277, 288.8802372577063, 8133.450923964953, 948.1507603225451, 103.45424642647949, 233.16622710159214, 254.27583227326016, 39.114900892789244, 18.86580091449442, 15.830282624619768, 31.268650508631104, 9.980552642912226, 0.3601823759843252], [13.686861973706865, 21.350506577604715, 5.708413516673329, 15.858483812845613, 162.85588013415997, 378.0791267594065, 67.63290144959078, 475.3731873539695, 5920.271252974157, 593.4021743774615, 523.6549788067225, 8684.989805028063, 753.9294073894395, 303.7255973175046, 6788.77145912683, 1145.6892464149412, 114.16346324544077, 389.37927759652445, 203.01230547504147, 29.857553387227284, 33.89344177982626, 61.49165906854654, 7.012165318999226, 11.874068619108723, 1.8500973033395016, 0.4985539056588661, 4.137789486634118, 0.49878687174756564, 0.4595647965155497], [12.98965565935141, 74.52912721434726, 11.300320003472654, 10.30230443176716, 236.46238818116876, 2573.3336875046184, 52.913175081021066, 156.39183995107797, 2803.6533227126124, 295.4857185367376, 110.14956867504145, 2437.1593904896367, 309.2794868326331, 47.49944751255336, 2411.141612632227, 455.3053511818549, 16.763390353423773, 11.970596516349294, 117.66711854336651, 4.447490135109681, 0.738658809275716, 29.517347230848696, 2.5246500400496, 3.316319270932893, 1.9997329243539208, 0.2889488745385843, 0.9779161644093844, 0.4467928650780902, 0.3611344813527514], [4.072260244740825, 4.329235556411844, 0.5427959823774202, 2.8698904717944207, 15.578515086982815, 10.483933855633415, 2.940070181292721, 30.73766784638245, 235.43679056976484, 22.326373521181154, 54.208232783989224, 2038.1699130915088, 2232.9055955407, 46.83615778867015, 2060.164019133297, 1864.4560365823222, 146.90296791750941, 8.863909548958343, 138.28294579196987, 41.23086962423898, 13.735170388406145, 10.661292206920479, 20.107254284394077, 19.198511336668584, 16.82007447621198, 4.426344149123699, 3.362079338151689, 1.2299513473631116, 0.9752267290989984], [11.509403547585332, 11.803233307913208, 4.463837963084134, 9.674714116789978, 44.635816086204606, 81.26604574317638, 24.554398988783525, 52.678773597106314, 1313.021297131291, 84.87844791289093, 31.873077993360408, 1506.3586870284646, 1638.459447409372, 30.01047194094214, 1543.551048879359, 248.49802171525883, 8.054149257917569, 12.8698001599982, 66.25454230847909, 7.22144656525914, 9.975256405096848, 9.058200895771485, 10.593173665334966, 1.111134708413289, 8.05320853121376, 0.28215990000040947, 1.0719220296971357, 0.28124574101066213, 0.3442804540729436], [0.3059228168841635, 0.300468152142213, 1.0342009264557213, 2.959645428564145, 1.6531137641085827, 2.0205581315202146, 0.4552702312185397, 11.080986936741613, 11.69801300368214, 3.460950999926896, 0.7269108880144292, 85.80586701346022, 38.00535747757649, 0.7866001501873714, 677.2153771785639, 608.6828399816443, 39.480414120489336, 15.23987262089759, 580.5838195604886, 634.220671470945, 5.6535421962123396, 8.365437689101377, 22.494579795871445, 3.770156595907647, 1.606597535486162, 3.553160238014237, 3.480940691066684, 0.7244180523531547, 0.2856670515631425], [0.46034074219985516, 0.4294185941514793, 0.5116302182850084, 2.248876024779219, 6.627351213180517, 1.743591662849522, 0.48895887040051095, 15.792467154474862, 4.172248840456883, 4.147675423969349, 21.055514745453046, 101.09698065799239, 5.6010249428118986, 24.040648221203604, 721.5915530420464, 196.13924140064356, 12.873538933933698, 26.352884075022292, 658.0622070318149, 132.95283041632163, 6.028627510749712, 41.070793013994766, 669.2385995511945, 78.67059202968422, 6.2826326782174435, 7.311318441897976, 8.525721766337202, 3.8983420811344383, 0.44984258416225603]],