{"params": {"params_p_harmony": [206385.8429674058, 158667.43834034, 74175.84727604286, 65309.268494582764, 21559.807621693755, 10383.046008738895, 5169.923248157146, 4371.008527061626, 3551.463008183198], "params_p_chordtones": [[0.5055774504489419, 0.7207522770942718, 11.9095886911164, 21.087754974353036, 12.884997076862655, 51.500527223024925, 135.1464583393818, 72.23266383360354, 89.52056832617255, 59.25293405689241, 393.6594986789581, 677.4216406572305, 1208.5202840948054, 3530.2806472413326, 44690.78349560447, 44278.99022015286, 7373.934126578665, 8367.183273216266, 39702.541187182695, 3779.2983728509007, 999.7835161026635, 170.5770954266143, 239.84213654857808, 55.605468549421786, 48.68008156115312, 26.4478850677338, 23.367818078970853, 10.382590740462367, 4.44899035576558], [0.47472254744993203, 0.3948811485187311, 6.631107267473031, 69.92355385788407, 18.10757183926628, 30.72041349829916, 136.68506711742882, 107.36510324337524, 258.8569255206995, 859.2956268547553, 1790.4328728883593, 935.2695064466762, 11129.919207182678, 4667.337804696157, 24612.86732622858, 21257.473397363527, 5952.571011522323, 6677.532025596772, 11495.193396459272, 538.4901024302585, 669.4373985377177, 272.7093379638616, 319.47603349519056, 103.27814872023696, 136.84911645756316, 22.063450225751147, 65.39462520116047, 36.10373802839776, 6.329815302433676], [0.4483066072388429, 0.4427752891979126, 1.3825462432228077, 31.898767960974507, 6.557705757544286, 8.771118156086546, 5.253688176348972, 60.39590495598414, 105.38940496938099, 92.03276234865879, 841.4856695945566, 13465.400582895976, 3073.4916853795617, 2399.349156713521, 12838.598214326345, 11022.871631305734, 1437.8524572246217, 692.0172990503279, 117.98088055065507, 337.88416892930235, 25.25317571466937, 38.05709743493565, 47.708443134363165, 61.1557744305281, 23.21022168551292, 0.9779344218964366, 13.921405485682815, 9.526417716665792, 1.3322470433518045], [0.8468939087860672, 0.4522086961884338, 1.728063688220472, 4.414214468716227, 10.744335508515661, 9.844806330278756, 21.922615099425915, 31.35290899509387, 182.742634985102, 155.53377222971875, 449.8564139976831, 8096.672726221868, 6058.634517127543, 4725.855397298203, 6080.168672289055, 7345.352434183748, 2350.252456797248, 384.4714180904967, 95.36351206423267, 124.65509116568246, 44.75040081943052, 20.01158301850757, 44.19826704058532, 63.98452613612367, 11.295772766053473, 11.04685765528392, 4.319887735946248, 7.276242516937364, 1.3718496761939252], [0.4198371746516659, 0.5038372674171362, 2.4394148364992576, 6.920715970200948, 5.066042561294186, 15.548075840033192, 15.227575602605512, 64.88305754623917, 23.600563889659703, 7.5704428945904745, 18.980209920692648, 39.06596517284885, 74.17607531311344, 74.48288597498342, 1518.2369153623106, 3624.3633517315816, 1024.5733801073852, 817.0130872085821, 3667.635133787006, 2720.5165063818094, 206.419937998201, 18.037875412665816, 42.849211647522495, 19.41592918666281, 4.948885574181253, 8.689097324964273, 7.982020259395442, 15.129847098827069, 0.5353375901720878], [0.46246957906275027, 1.091960603154816, 0.4824725631200109, 6.3147807557861375, 9.37355890252489, 157.59369378149262, 64.22488625101522, 29.37591632855947, 539.4324176688517, 33.24924495420432, 167.99057207261816, 534.7308733489847, 81.59065898696447, 97.38040793950029, 576.2535380897663, 95.69954225756565, 98.46214221026955, 632.0198989288992, 64.44168888416563, 110.76952090714019, 413.3227071832899, 12.754820585489524, 86.97319599592534, 113.2665426795682, 9.806677548768171, 9.810925575393224, 11.30200508387693, 3.7642066303713837, 0.40172085753520914], [0.4208627747818662, 0.4385834517576888, 0.3965928650985871, 0.3833763121318122, 5.588715680553738, 1.0798511980826329, 3.940215492280467, 10.483228298960896, 442.3367098535949, 73.33876046805699, 63.52999843752762, 717.4788899179512, 334.59073843838576, 249.6631960165246, 285.3955750030143, 40.20090468516837, 29.898199672875464, 15.30621871826925, 13.011076765147179, 17.164453494639936, 34.21175408694274, 11.374471818155918, 2.7644132257518668, 15.645325668374428, 2.186911228584709, 0.6958030908911, 1.867764564131053, 0.39412452565832695, 0.4735126774270905], [0.44162465611505664, 0.42453873889810123, 1.1858713396178715, 4.692926376951719, 1.9183878848798668, 136.82551128121145, 24.756917059242262, 19.333805842875254, 390.79258687136513, 39.484944524552446, 103.76756350613847, 332.25848004342083, 31.363216311572643, 61.074149439494406, 146.66465063005936, 36.76270897620856, 33.51268233338214, 237.8834968787648, 19.98174582288022, 76.84098159624487, 178.35318534086258, 7.912377630499166, 62.034450346476135, 26.90972316426699, 3.567603305130342, 0.6711019654717045, 0.3678852472698747, 1.6749468617092953, 0.4046557625615928], [0.4425879573768313, 0.41498878002691664, 0.49253308123969447, 0.43211540304951707, 0.758528667729872, 0.45443939811914097, 13.743083890547716, 0.7856735246125119, 2.915773638397714, 5.998304748841072, 175.2157652891774, 6.257165030644403, 17.010818568249768, 31.864946728435495, 502.246296250916, 34.27876484319597, 127.13373151840916, 25.23459195319713, 373.36035108929235, 13.287217773367253, 3.987779106825627, 5.25803067511904, 190.39037801464815, 1.3520070909233703, 0.3939907041116378, 0.52508686821174, 0.46998918422884434, 0.4486103105478249, 0.43261801032554126]],