{"params": {"params_p_harmony": [202326.90467310773, 155522.60656287722, 72774.49509823736, 64066.68163008961, 21159.372984132195, 10183.958883402409, 5070.206554448434, 4287.086790250246, 3483.3880052842583], "params_p_chordtones": [[0.5071998112665611, 0.7233057525125629, 12.006966701164949, 21.26242860725661, 12.993898075791392, 51.94231636344509, 136.28360682626916, 72.86295807064194, 90.33889951888374, 59.84392917343788, 397.3366513155076, 683.3015060405527, 1219.57181178344, 3562.099764368021, 45095.119369173735, 44685.134463714, 7426.272919120191, 8426.513842008124, 40057.39290584728, 3812.422279222599, 1008.9397063438112, 172.11699044928983, 242.04717825783385, 56.27551629284671, 49.16315540534896, 26.685349773557725, 23.56351519607963, 10.465708079227397, 5.105033535699004], [0.47612367172938386, 0.39619885008217737, 6.682041122930639, 70.49127707594843, 18.258591588144185, 30.950915289818443, 137.81018121492866, 108.28503570993692, 260.9954711228178, 866.1191933265235, 1804.2338036957692, 942.8171843997125, 11237.555958505052, 4704.084427207653, 24813.212713170833, 21435.356857628325, 5996.686309220592, 6734.767058363369, 11597.163445985647, 546.6407043379832, 675.0518544637432, 274.81346747636735, 322.24058939740405, 104.30426290050004, 137.94645353581924, 22.23790295797715, 65.93297969285103, 36.4033845216438, 6.381286770835515], [0.45042546105524117, 0.44617249483084015, 1.2784940549549437, 32.299199702986265, 6.635562063491662, 8.874120912068966, 5.311605905979991, 61.19121477891543, 106.71508851267922, 92.97871679050294, 850.8843128867929, 13640.769746811642, 3109.5108974392556, 2427.6070275957695, 12996.437440323094, 11157.202342503744, 1450.2470498181126, 698.706946352097, 119.26947079113893, 340.1825374109529, 25.28637518943889, 38.50295762890831, 48.217365348569686, 61.92130548879222, 23.386116641465787, 0.951989797925856, 14.09214273038506, 9.64803314641716, 1.3316241715301407], [0.8491977277382206, 0.45290976880041445, 2.8306716136448675, 4.433283317064381, 10.788850666660231, 9.887037670433505, 22.016954542351627, 31.49169081271349, 183.52493134084833, 156.205563296664, 451.85148226147817, 8133.483997927817, 6086.951038823532, 4747.445911380311, 6105.175604574801, 7377.26906543523, 2361.359593375054, 385.8533290486807, 95.86757034671419, 125.25331470392354, 44.977857699414606, 20.096823389848595, 44.39798878740525, 64.25614612193411, 11.343732835108383, 11.091199066590413, 4.337651514246794, 7.306453468051234, 1.3974862894218318], [0.4235215264561516, 0.507949620777858, 2.483297224528555, 7.056760647384595, 5.166936256706713, 15.857767408596281, 15.536614303226774, 66.19210652193708, 24.08023743136307, 7.712733122441545, 19.37087587781434, 39.87827378164278, 75.67503904269883, 76.04056852781382, 1549.707849658459, 3696.892820762617, 1045.4896632359737, 833.4778596167207, 3741.7432306776955, 2778.160389342699, 210.75866337458285, 18.394525610758446, 43.71959592403009, 19.807563031143403, 5.060540869695637, 8.862097959467402, 8.139031426712735, 15.427786642674592, 0.5397262956198643], [0.4771917027750948, 1.1429820197216045, 0.4973253246811853, 6.78866214292766, 10.074403478876228, 169.88422518350424, 69.32241282182427, 31.6172473658595, 581.345931920657, 35.88492308405653, 181.81491157771802, 576.079788898026, 88.25682404874986, 106.04876996745988, 619.317328801972, 103.30743697593923, 106.446131670492, 680.3660730384688, 69.62611637485689, 120.50487752556205, 445.51238676504124, 13.733178095168107, 94.97575901544977, 121.8485157304627, 10.558205475604463, 10.6020221178654, 12.11117155503127, 4.026176834184453, 0.4153470090816976], [0.4348217848563165, 0.45264986064205825, 0.4093082644055145, 0.39611419578853996, 5.994145080224081, 1.1352125816532501, 4.217921460035234, 11.303946719955777, 477.4565819770134, 79.0360502957375, 68.55698993170651, 774.5971346738539, 360.59719612218385, 268.8261972309654, 307.7409942768152, 43.40566629205135, 32.176356856438524, 16.44767379770138, 13.99796023907543, 18.535690648202614, 36.899908908217206, 12.271648977681423, 2.9458735381834145, 16.891843828719963, 2.3407931904993995, 0.7277919653449391, 2.1924715648151025, 0.4069666976522844, 0.48876775652653903], [0.4636109850780257, 0.44056896115190974, 1.2643161626838362, 5.085574582079575, 2.0559338104410796, 149.35698175060577, 26.95683037850523, 21.087457576661, 426.02365495741293, 42.960505916717125, 113.12659356785268, 362.6719823399171, 34.20150085386241, 66.53660425617885, 159.87673789386784, 40.052500098242895, 36.550680231790736, 259.36384871213215, 21.83040496048977, 83.65029331755406, 194.80412567525684, 8.625625871574321, 67.6348096758281, 29.36429148719597, 3.8745072750134564, 0.6934878671488037, 0.38190348718034317, 1.90134828278417, 0.42041186319226487], [0.4559257393476486, 0.4271755662416291, 0.5070840154002142, 0.44558385237374354, 0.7784530528592866, 0.4683581805126163, 14.664377617417436, 0.8039439242347867, 3.07604315298316, 6.171088932598445, 187.45743851253144, 6.651275733310348, 17.417093028810562, 33.90689586760101, 536.90043358998, 36.44528192713346, 134.33191495773417, 26.83473595395347, 398.21969591703964, 13.988585796539972, 4.185426299666748, 5.590352376817213, 203.83453485937986, 1.4141712853271822, 0.4058234143578622, 0.5395239976764594, 0.4865168922333747, 0.4624902978695221, 0.44585926553510224]],