{"params": {"params_p_harmony": [198424.96812288862, 152533.10917674415, 71381.86568094464, 62834.91281985864, 20759.289499581184, 9989.242462421389, 4973.076859298515, 4205.3011603644, 3417.0072661175614], "params_p_chordtones": [[0.5099172727710614, 0.7306229376283471, 12.17758933802541, 21.57226073437884, 13.185342074714395, 52.71196691324039, 138.2813093424477, 73.95112884367656, 91.73855932104367, 60.827676524370524, 403.68600386827853, 693.4540850406389, 1238.144333778754, 3616.6589011470155, 45730.53381449026, 45320.7064012136, 7550.256141574688, 8567.473484200762, 40650.78610363075, 3871.210015710405, 1024.5075312386773, 174.8077395181529, 245.9583204690948, 57.42250475037493, 49.952073258342, 27.09335480633322, 23.906172359449815, 10.613226706325129, 6.935743008990361], [0.477361217869299, 0.3971534428979649, 6.724109566896466, 70.9364836585683, 18.372771598113403, 31.179838860457785, 138.75372692826738, 108.95768735659026, 262.62973361751006, 872.243950162012, 1817.8261475624392, 949.1091122960484, 11292.299583677246, 4736.7981575862495, 24965.15326045811, 21571.028355015536, 6045.949258685818, 6772.6494798343865, 11666.570880287509, 545.9216733783015, 679.3072143322142, 276.92458192454126, 324.25245387263067, 104.81725320484496, 138.80493901334754, 22.375282710666113, 66.3597834835582, 36.634300674774266, 6.419735248389397], [0.45243094465661543, 0.4482552917038783, 1.340873863126064, 32.716570116957364, 6.7141197453432495, 8.985248878585253, 5.376083185160737, 61.96399283164821, 108.02607928441644, 94.18792110268697, 861.9131947451605, 13808.365021232798, 3149.9964298515197, 2458.1204855588544, 13164.676321167539, 11300.637022450543, 1470.3333821819133, 708.2408616874643, 120.888795824051, 345.2497422286098, 25.67668909994758, 39.024535789508015, 48.84116675983164, 62.71068054019977, 23.698378858407402, 0.9565824347958839, 14.268140877755707, 9.767373292638338, 1.327753378501566], [0.8505535690776754, 0.4536844040490112, 3.159704045492766, 4.455615301429209, 10.837195814731654, 9.933397850115362, 22.11981984517977, 31.64599636068128, 184.3783592221081, 156.92243375651137, 453.9851535965578, 8170.056380038506, 6115.111224086253, 4772.101161007794, 6135.553297143398, 7411.9866395341405, 2371.9835879368775, 387.93617999161916, 96.32006801723821, 125.88378496358177, 45.187721973013616, 20.195488889988997, 44.616045263460784, 64.5596842841827, 11.39691166786679, 11.13910138934876, 4.359204171241859, 7.339418431641984, 1.4147537802218182], [0.4265531982014158, 0.5113700654586282, 2.4966471815018605, 7.096830523200168, 5.213398398168024, 15.997348608995543, 15.593601360717045, 67.16719112997433, 24.29463240514856, 7.774193565191175, 19.572470023087938, 40.141447846152744, 76.46960679314437, 75.55425204111336, 1566.089945727606, 3752.6216687415395, 1059.804593431796, 845.0805821676001, 3799.781855050038, 2816.215453365739, 211.8371617977624, 18.541826090165234, 44.29859602602915, 19.36709941790234, 4.957264584798959, 9.002146007469737, 8.256884373383246, 15.637508339688093, 0.5433949874387821], [0.4901579152142185, 1.1890611383249468, 0.510250475132192, 7.165362667098019, 10.707044011569309, 180.77382619305607, 73.41668179136126, 33.597241510593335, 618.3021928532715, 37.90380291676223, 191.9282041771039, 612.8744175413527, 93.17407564682497, 110.54431940461468, 658.2559304790434, 109.24576990800372, 112.61947945803941, 723.6853227848874, 73.66619180163941, 125.64354997686209, 474.43812849725924, 14.586699948983282, 98.52662460694849, 129.48217145596902, 11.18491115944852, 11.104143334693354, 12.833369073808875, 4.28784188104085, 0.42633870211851116], [0.44363014774691106, 0.46148418442939704, 0.417281652490732, 0.4041104514465346, 6.255543885820862, 1.1707898035764979, 4.39620208854967, 11.836339305963698, 500.2646027303716, 82.73478975599632, 71.81626127160547, 811.3177262106725, 377.3306260640141, 281.38630939449234, 322.1812049584216, 45.4859650302867, 33.67781393536789, 17.196058708122496, 14.649486567083812, 19.42743701334859, 38.64598253558481, 12.845305771454111, 3.065126424764861, 17.701706902074346, 2.440007162054488, 0.7491381207401818, 2.3411198215230726, 0.415033228487019, 0.4983873858643692], [0.47908006732471625, 0.4494623875278272, 1.3083670555708873, 5.354096169561116, 2.1358827795946396, 157.39421555261302, 29.1452547119721, 22.168436068488642, 447.69234767844455, 45.42551659288289, 121.88210645910485, 381.1357211510186, 36.366533395124584, 72.2686095086433, 168.9121264882258, 42.330918098581265, 38.92838424106396, 273.278411865045, 23.214645726679635, 88.9259853372083, 205.6805347940043, 9.10363849579484, 77.07149087502862, 30.857511252244997, 4.09093811816997, 0.7430200611749661, 0.38970528526187403, 2.3681242808801386, 0.43036447273869116], [0.4634598297372795, 0.434057113069861, 0.5152573930902689, 0.4531669398417275, 0.7877354784806686, 0.4761990833758149, 15.196837014356909, 0.8118562832454781, 3.172982319019028, 6.204585533453457, 194.51994708620944, 6.874777598078381, 17.474162643236642, 35.0514231790495, 557.0192311565498, 37.641157671880606, 137.9537402531982, 27.69978658163577, 412.4970994694499, 14.349301787515941, 4.3141793962485915, 5.7710683204887845, 211.6874025075902, 1.4512530557002952, 0.4125069354001824, 0.5480662555432493, 0.49458401719459333, 0.4703009104048029, 0.4533282637749214]],