{"params": {"params_p_harmony": [200357.60081878246, 154014.59670979777, 72073.90758846888, 63446.54544693463, 20957.670713054504, 10085.86571444519, 5021.269627609212, 4245.88158653491, 3449.931646994498], "params_p_chordtones": [[0.5084677793297602, 0.7272596260048015, 12.084295511897022, 21.40128978490607, 13.083056605168949, 52.28724993955109, 137.18164518327134, 73.36489391280588, 90.99829925390068, 60.34626255572343, 400.45293809150127, 687.8709601936517, 1228.2098335297133, 3587.8061902312347, 45408.42793219708, 44980.08437032001, 7486.762414127129, 8494.924784531077, 40272.78585229955, 3840.6616492689363, 1016.3783189589847, 173.38986740128945, 244.0362615392597, 56.96876786368633, 49.56579605130849, 26.879712932083894, 23.719524276079554, 10.533821556123474, 5.6576714974996625], [0.4767618650670972, 0.3966355536233063, 6.7026996082338846, 70.706919669146, 18.313259670047252, 31.078164893520295, 138.2864704867563, 108.59985686228381, 261.7798684428417, 869.3714289473713, 1811.8027306064096, 945.9564503428746, 11257.423956725996, 4721.374601788993, 24881.496245685128, 21497.416904443435, 6025.675126345139, 6750.694993916444, 11626.707350120058, 544.2028894089909, 677.1298825573379, 276.0158902433243, 323.1847404842105, 104.48336924655001, 138.35836344739553, 22.30473799149447, 66.14270466637785, 36.51391210187311, 6.399643749111461], [0.45141266115139167, 0.4471783117865794, 1.3867106401416827, 32.512495134390626, 6.674017972575033, 8.92962598994984, 5.345872043821121, 61.57124229924205, 107.3649872967726, 93.61361900350134, 856.5578581537253, 13733.427199860098, 3131.0545258896473, 2443.7880416547855, 13077.020221841563, 11226.26036315501, 1461.0719446691378, 703.8505152435376, 120.12840876256995, 343.0982676396591, 25.53163913754187, 38.776584631783734, 48.54180952889224, 62.311060859357966, 23.555396533167745, 0.9535256339833981, 14.18496601777424, 9.706628288124332, 1.3276347504417045], [0.8499976288623552, 0.4533025210634865, 3.01917027916624, 4.444549116572126, 10.813366058511413, 9.910619665822926, 22.06934479722399, 31.570156280801804, 183.95152289306688, 156.5637998205109, 452.923549889026, 8151.0504064105935, 6100.756580794686, 4760.819937788203, 6121.206006437349, 7394.951376125765, 2366.3883112744775, 387.0097203945573, 96.09422669753273, 125.58503403972489, 45.08159699022254, 20.146929136501058, 44.50968046156122, 64.4098035584507, 11.371011171237548, 11.114534138830612, 4.348421059089291, 7.323153265866248, 1.409168677729907], [0.425926667060221, 0.5106081417448602, 2.4881081673116006, 7.0723322538465725, 5.195538009104345, 15.939242585371549, 15.53485302220872, 66.92753943513854, 24.209569408904397, 7.748338917120083, 19.50145000724677, 39.998960271436914, 76.20684688615168, 75.30639288685984, 1560.1491208214625, 3740.129486244106, 1055.8325314007704, 841.9246285708846, 3786.2912432158973, 2806.6174785609837, 211.05235680160075, 18.47829423566227, 44.144994794783685, 19.30866267507656, 4.941363981573866, 8.97023809526953, 8.22860658108991, 15.583389390231865, 0.542587953363178], [0.48368220367679216, 1.1658615366893932, 0.5037975470753001, 6.9920006659506315, 10.390186619405391, 175.41909309927314, 71.54241963707058, 32.619689097905855, 600.3002454852821, 37.02141484521371, 187.63826312408443, 594.915798139926, 91.09620612607297, 109.4567301045333, 639.1095990249842, 106.5941879052426, 109.90449701532043, 702.3131827519516, 71.85911628345247, 124.18611432184174, 460.21153560502586, 14.170419899765651, 98.10907020152935, 125.72668359698825, 10.889525809117735, 10.930238080683283, 12.473476678952464, 4.173386006139336, 0.42085667274724187], [0.4397237270903567, 0.45756921080970214, 0.41375205804772014, 0.4005672789764623, 6.139186729543112, 1.1545310198689016, 4.316676802882973, 11.598007707730464, 490.11917997659214, 81.08318132097587, 70.36177897665497, 794.8652430071576, 369.85087505002934, 275.75630868080594, 315.7247488723537, 44.55776701553374, 33.007353947201295, 16.861275632860266, 14.357900054253093, 19.029632735456648, 37.86709133970206, 12.589403928557106, 3.0117904447345425, 17.34035256606251, 2.3958120253208874, 0.7394641367755933, 2.278874601368407, 0.4114569980160046, 0.49412214457934206], [0.4758009388571318, 0.4466005039237155, 1.2915758104234942, 5.240116874358026, 2.109869032819729, 154.2812124452249, 27.819186836296918, 21.777257513473188, 439.8290497682315, 44.33279617024118, 116.82562438405994, 374.5125830372779, 35.32529215354428, 68.7128658911595, 165.0758257083641, 41.34890249193512, 37.738238649501426, 267.7848748721676, 22.551592735941263, 86.34419193209743, 201.24231828817466, 8.902362603591454, 69.86632055093159, 30.323611933610145, 3.993785073420548, 0.7022078305250555, 0.3872437766242557, 1.9910300085048296, 0.4263918341196612], [0.4599529396427874, 0.4308473434382741, 0.5114386849412651, 0.4496392346038124, 0.7888442095456578, 0.4725451683188101, 14.947992535847039, 0.8144525021995329, 3.1299535973164714, 6.29457733008371, 191.25838121675943, 6.779432896038255, 17.766111808126233, 34.57390393422876, 547.8770323193888, 37.16873180635706, 137.0458739194936, 27.392648500993765, 406.0533005131966, 14.258053446649326, 4.26725493197742, 5.701213733209825, 208.0272984660414, 1.4338550876697571, 0.4093941644636873, 0.5440696955197283, 0.4908162375105068, 0.4666440862449978, 0.44983998336542325]],