{"params": {"params_p_harmony": [196525.96734979638, 151077.6852518952, 70702.72995171945, 62234.72614231339, 20564.401461644753, 9894.32545150773, 4925.746773802703, 4165.441060446652, 3384.678239171889], "params_p_chordtones": [[0.5113114671323515, 0.7407006013186963, 12.267920393004157, 21.72644706569857, 13.342153055961763, 53.10084925061543, 139.3079962015697, 74.61358602913532, 92.76676673233547, 61.823719623145124, 408.9306332360254, 699.2892234046367, 1251.3703489213713, 3655.4069403224303, 46109.14886184256, 45683.931717948675, 7613.609118448893, 8641.075566879575, 40913.919801721044, 3912.0433575205952, 1036.9300472199104, 176.66127271341023, 249.48865611693643, 59.64249256217276, 50.81404805841972, 27.40458785164017, 24.084005113300805, 10.702715349813584, 7.152695599133207], [0.4781115449002801, 0.39790507059614255, 6.7520401534544385, 71.24729629728674, 18.454254369334144, 31.29534600441938, 139.35307766448315, 109.46848791746251, 263.7997392533885, 875.5157225446542, 1824.0056055523758, 953.2887932316704, 11356.801538895772, 4754.533201385315, 25091.13436364419, 21675.273393447467, 6062.885305680347, 6807.836499111577, 11722.889442491474, 552.096597991862, 682.1059164878582, 277.8348075255036, 325.74307514484303, 105.43464050634583, 139.41766110766025, 22.471534893064025, 66.65054549093706, 36.798833446453514, 6.447466709928721], [0.45309008564461023, 0.44895398596764907, 1.6789182663667561, 32.85770279434341, 6.744221066173608, 9.041918696329446, 5.416395447981372, 62.25036307517327, 108.56004523509375, 95.06912649890957, 868.6711450177637, 13888.507579907384, 3168.950037763892, 2477.6759164945347, 13233.740389001026, 11361.27606795689, 1490.9630908637107, 715.9645030025949, 122.00409454055577, 350.61045681947894, 26.347813950436073, 39.33432915972039, 49.24729884676198, 63.06028866787156, 23.99351222219273, 0.9701060994703545, 14.356123183151693, 9.808990450023726, 1.3416639129109929], [0.8107905018589032, 0.4560037947536584, 2.2185579273145866, 4.406039799952016, 10.858198241571156, 10.041926436347701, 22.292192239683743, 31.584317862163257, 186.1607105662049, 156.42463524132796, 454.9897264784757, 8248.338094310313, 6181.736959552421, 4791.24108507638, 6163.650179401857, 7467.13122809912, 2347.7501165736808, 377.2788301632254, 92.98165041660722, 122.8275372445232, 42.03342033440442, 19.598215713767683, 42.58951983325379, 64.2012996998814, 11.245057040940686, 10.096311668482508, 4.095051895178043, 7.415678178391866, 0.9971350745673921], [0.4268565130441712, 0.5116798916754142, 2.5110497436179946, 7.1421891139318365, 5.2389588901164075, 16.0751427745415, 15.709223166221944, 67.32001947973892, 24.4170669663527, 7.810123501134967, 19.659527671218704, 40.39800496723594, 76.79973747230515, 76.49255307597002, 1572.9838008927834, 3759.8149486328302, 1062.8928115992783, 847.3780478451155, 3807.0070727492453, 2824.4620362873197, 213.31990926082838, 18.638335403162895, 44.435407171652415, 19.753646038897017, 5.057825273484094, 9.016661747278324, 8.27485241176745, 15.677795843640602, 0.5437308840237771], [0.4949492139084691, 1.2066100569936833, 0.5150359728498886, 7.320605069042663, 10.949272939377087, 184.95251388648387, 75.0979839517577, 34.35747637543435, 632.6169280249479, 38.76348169178816, 196.33426575492317, 627.1264610833581, 95.32289203641065, 113.08436051133884, 673.1253568693807, 111.7301849941719, 115.22605903064184, 740.2464392467754, 75.35422212179924, 128.48844292774626, 485.50822234973396, 14.920062243356856, 100.81878725393344, 132.415461706698, 11.436401705532342, 11.352442221592291, 13.108377692328201, 4.377443116094957, 0.4304082618536696], [0.4511363055925538, 0.4691134193436327, 0.42421059386965254, 0.41098675472705204, 6.45306041121187, 1.2030440459518614, 4.554170685896863, 12.298660981376276, 518.3777378261223, 83.06748935563174, 72.96863890881812, 837.1578150904503, 390.9524404199689, 278.153731403475, 329.5728700367584, 47.237065986713915, 29.75800135900732, 16.47824309481241, 13.69009187330983, 19.716467466902856, 39.264241929434036, 11.909594499290607, 3.0676701027136053, 18.38892203108115, 2.479822570935641, 0.7402315784820257, 1.9516618410238278, 0.4219725712073176, 0.5062157195149631], [0.48391987421387944, 0.4537293018800441, 1.3276385342201322, 5.467353789700858, 2.1750277237459854, 160.997569952289, 29.805396195795378, 22.67206873645357, 457.7795548249555, 46.42658144916957, 124.66822198756577, 389.76084759574474, 37.19120843310117, 73.9027407396947, 172.73127342071558, 43.28385586907712, 39.81954424032933, 279.4545639521821, 23.75077353027923, 90.90787936996551, 210.40333834542378, 9.304727475127539, 78.82392489104342, 31.56100467157905, 4.177321742457985, 0.750728146546284, 0.39349206754749894, 2.5673416749317144, 0.43458565071827193], [0.465462896343619, 0.4358427868296685, 0.5174359207003794, 0.4551789190306108, 0.792274839020798, 0.47828708682832183, 15.339058579267059, 0.8162529098394371, 3.1997628087531114, 6.261679470013259, 196.43875047106758, 6.938503302020359, 17.643521316928346, 35.38565093481629, 562.4972402474394, 37.99997430916646, 139.3100474802307, 27.978517544714197, 416.4139675966844, 14.482041322046845, 4.353475448434824, 5.8267524930814565, 213.799516807786, 1.461224406646997, 0.4142647933420372, 0.5503558995032342, 0.4967082261829569, 0.47235519756502764, 0.45528428700253204]],