{"params": {"params_p_harmony": [192827.78932041556, 148242.81504148451, 69379.31119746053, 61065.8166793257, 20184.692154762975, 9709.315972442546, 4833.521672242299, 4087.757904622973, 3321.7108447143432], "params_p_chordtones": [[0.5149245429505387, 0.729967963426767, 12.463493955871018, 22.104242016151662, 13.402203491730205, 54.031981423012944, 141.6323092680411, 75.62451185133571, 93.55839224539245, 61.70564087092372, 410.8973395727198, 709.4149510782196, 1263.5559728884934, 3691.4235486579346, 46909.361959577735, 46477.33708905286, 7718.854004828827, 8755.444632715973, 41577.037512458046, 3952.3129162591413, 1043.5219686708692, 178.49835791131198, 249.88740987938363, 56.62554863125505, 50.537670408608136, 27.60699384510405, 24.498535305362072, 10.841083449476828, 7.324103261738516], [0.47625795138330257, 0.3962005795047727, 6.83538831291277, 71.25243167549063, 19.048475802651694, 32.72795182460847, 139.54921453051617, 111.68865564389473, 264.44585665422636, 887.2919329978108, 1842.165370903122, 952.3301106132683, 11389.02210995738, 4772.767675283256, 25000.735920312138, 21580.34659048812, 6132.116697811588, 6810.143447371106, 11726.391505927892, 568.3102142207481, 693.8352702327312, 287.58118808284223, 334.06512292234703, 114.96692751405605, 139.2895261225785, 22.690011299437465, 67.20725643404384, 36.5559553854538, 6.434570501034189], [0.4557638829604728, 0.45174961627243304, 1.2777942161203244, 33.382794797167975, 6.835440890744775, 9.138286370671317, 5.462763483694372, 63.227208451515814, 110.10992400807233, 95.48141006008153, 875.4959458504462, 14093.353200457153, 3208.832518553547, 2499.712144331547, 13406.612016845394, 11506.257213033188, 1482.8057874705266, 717.0365881944075, 122.7049331177601, 347.4571305155524, 25.521104398362063, 39.68571599435385, 49.56578288127635, 63.88704782659295, 23.889031280812713, 0.907605816651617, 14.523600168351006, 9.961633962494052, 1.2690551690674068], [0.7922790879356956, 0.45720225638010786, 1.887778370110202, 4.395167045535373, 10.888401063210962, 10.102248958103221, 22.397643887188977, 31.620297966739077, 187.17204097129255, 156.5117095745958, 456.13939658052044, 8293.090965954518, 6219.204088386715, 4807.420474861687, 6184.172763476908, 7500.88171325382, 2342.9329751521504, 374.4885893847809, 91.97158229421507, 121.94825922509686, 41.14459918980152, 19.43668697497433, 41.83589180973079, 64.14105358713662, 11.207688159370063, 9.691214822440417, 3.991974789299414, 7.4582827432155785, 0.7941506361360807], [0.42858459854722675, 0.5136073003061657, 2.5051447230987325, 7.122284625889418, 5.242757659601905, 16.086408873610548, 15.625921186533008, 67.80928921303968, 24.438102704186807, 7.815611274613825, 19.70771747928373, 40.31679220808337, 77.00273817812247, 75.34816941253891, 1576.781336753987, 3789.9260980815247, 1069.1569157694735, 852.6945664605144, 3838.0645550793656, 2841.7110660433773, 212.54979663672992, 18.64145315444886, 44.684265078169716, 19.129647611315956, 4.910663486038655, 9.094184870640253, 8.335419474840304, 15.775328479822056, 0.545803333472338], [0.5163872880437548, 1.3023023933576785, 0.5363562510316603, 7.516609191486909, 12.040414277453326, 201.09242277889675, 75.94131312515701, 37.31957432137142, 683.4851703895679, 38.478577445641235, 193.0753136924103, 679.9358201283878, 92.34147569316742, 96.3977725578233, 734.227119031357, 108.55686589703294, 116.28987223985307, 806.001544193882, 74.5382678089168, 112.84850180040749, 530.6342708042243, 16.04289632828196, 80.83878834316728, 144.05733254781376, 11.975137226534528, 9.91274520733892, 14.299997307601192, 4.744824627223274, 0.44850454433612724], [0.4544976057922939, 0.4723668015161146, 0.4270708070556508, 0.41392746218006354, 6.540138114745659, 1.2169787082473094, 4.619100160589836, 12.492975563410788, 526.0591400095956, 83.26252958785844, 73.48516410261875, 847.9417976492861, 396.65152116615354, 277.1830204587234, 332.67620587379656, 47.9795131793289, 28.64757281542595, 16.25563626514257, 13.349722271819097, 19.83933949225057, 39.55315744329638, 11.326605584431258, 3.074324989145972, 18.683160045683493, 2.49887670868509, 0.7336804248592237, 1.4014051236909824, 0.42495804765502626, 0.5102142900568999], [0.5044641113950601, 0.47189211419085003, 1.4302632652314622, 5.790166649562328, 2.3470088421638504, 172.64086738656897, 27.88192011897316, 24.576066102339308, 495.4663074853812, 48.293555141419056, 120.00539384793122, 423.2388837437952, 38.01802956177185, 68.26794795688483, 181.39376398453115, 45.55789024118653, 39.447959647201856, 298.8372364736792, 24.331749045653172, 92.3618525817714, 222.4176399589939, 9.703156870253354, 59.390174243326875, 34.257983109503186, 4.328661294552312, 0.6602778550320987, 0.41432854599711283, 1.5292417849168305, 0.4524525842980055], [0.4746976746557721, 0.44450703784157486, 0.5298492545434729, 0.4645329806030127, 0.702696360509517, 0.48790607759976123, 16.002811982560985, 0.707263141588714, 3.2536188008456266, 4.194372966412111, 204.3715460950859, 7.011518200680772, 12.535888494324137, 35.5853031654711, 581.3519090381695, 36.922555725799995, 125.79139469806047, 26.592856830207214, 428.2906363815265, 13.417087514281455, 4.091675613525598, 5.692214621523147, 223.77620474755952, 1.5083879910785023, 0.42845448426678706, 0.5608037042709575, 0.5066492177123797, 0.48202470372923895, 0.4645255713131842]],