{"params": {"params_p_harmony": [374654.0625, 176470.453125, 165251.765625, 36251.41796875, 34110.8984375, 24217.88671875, 18620.3125, 7330.84521484375, 4038.5859375, 2656.54541015625, 1642.3006591796875, 1460.8721923828125, 224.52877807617188, 93.52938842773438], "params_p_chordtones": [[5.190328121185303, 27.214113235473633, 206.89955139160156, 228.05218505859375, 161.25559997558594, 131.14031982421875, 330.4209289550781, 893.6854858398438, 825.3172607421875, 764.5949096679688, 3549.75537109375, 8457.3115234375, 3304.264404296875, 6044.48486328125, 77479.796875, 57528.8046875, 4812.71337890625, 5993.02685546875, 50738.64453125, 5603.60009765625, 700.9842529296875, 2761.46533203125, 2134.516845703125, 410.08953857421875, 212.61911010742188, 311.9276123046875, 417.0843505859375, 154.79754638671875, 44.26798629760742], [5.041195392608643, 32.98531723022461, 68.81275177001953, 49.05739974975586, 66.50978088378906, 40.946075439453125, 51.77766036987305, 53.27216720581055, 583.8411254882812, 92.27269744873047, 102.26731872558594, 2038.5006103515625, 10290.2255859375, 272.33587646484375, 13550.919921875, 10991.73828125, 756.9580078125, 420.5342102050781, 8490.509765625, 948.2128295898438, 167.85568237304688, 277.934814453125, 388.57281494140625, 57.6080207824707, 41.07783508300781, 29.8696231842041, 65.71263885498047, 30.184322357177734, 1.7265018224716187], [3.911931276321411, 19.997034072875977, 33.93089294433594, 66.66040802001953, 123.09516906738281, 127.93318939208984, 128.63308715820312, 767.9312133789062, 1626.02978515625, 334.03997802734375, 1349.7401123046875, 25501.412109375, 3368.638427734375, 1551.366455078125, 30890.248046875, 25015.947265625, 2288.95849609375, 2183.540771484375, 3099.383544921875, 953.680908203125, 297.37200927734375, 398.6900939941406, 309.3160400390625, 105.99683380126953, 17.997928619384766, 36.54063415527344, 61.80241012573242, 40.0897102355957, 3.5203146934509277], [17.97688865661621, 28.587106704711914, 3.530120611190796, 22.199430465698242, 134.1446990966797, 244.62100219726562, 36.72901916503906, 382.0854797363281, 3605.63525390625, 436.525146484375, 392.5258483886719, 4855.6572265625, 565.0014038085938, 212.98226928710938, 3866.154052734375, 729.6719970703125, 130.1141357421875, 211.90028381347656, 197.18991088867188, 38.8319206237793, 42.5476188659668, 91.5946273803711, 11.016154289245605, 5.517701148986816, 10.236260414123535, 6.376216888427734, 3.5676605701446533, 0.6345921754837036, 0.5291430354118347], [12.125877380371094, 85.61365509033203, 16.67523193359375, 18.039073944091797, 247.27200317382812, 2269.57177734375, 52.74607467651367, 175.1650390625, 2413.40771484375, 260.4483642578125, 121.15878295898438, 2136.73583984375, 347.2810363769531, 67.59650421142578, 2113.733154296875, 472.9997253417969, 23.133975982666016, 25.411130905151367, 163.74229431152344, 5.464975357055664, 6.077497959136963, 50.96125030517578, 6.688738822937012, 3.2155587673187256, 2.3165996074676514, 3.3181004524230957, 0.3827614486217499, 0.4685400128364563, 0.551741898059845], [7.484786033630371, 5.5907487869262695, 4.387803077697754, 18.958175659179688, 15.397149085998535, 6.318610191345215, 4.948303699493408, 44.96217727661133, 221.5850372314453, 13.24658489227295, 61.75062561035156, 1468.2293701171875, 1415.83740234375, 30.802154541015625, 1413.8013916015625, 1193.7132568359375, 72.52565002441406, 8.211878776550293, 75.74005889892578, 32.1461067199707, 11.55233097076416, 11.225290298461914, 8.700592041015625, 22.096330642700195, 15.662683486938477, 1.948713779449463, 3.8706040382385254, 5.934668064117432, 1.1799196004867554], [7.106874465942383, 12.478728294372559, 5.298989295959473, 9.218127250671387, 45.69892120361328, 58.06364059448242, 33.10691833496094, 48.88300704956055, 860.095458984375, 69.14010620117188, 29.174118041992188, 974.6436767578125, 1092.8507080078125, 30.90985679626465, 987.6774291992188, 175.06832885742188, 9.410073280334473, 8.339017868041992, 50.708404541015625, 8.374881744384766, 12.992757797241211, 2.7984588146209717, 5.253357410430908, 8.990006446838379, 9.256271362304688, 2.2221689224243164, 7.510863780975342, 0.3275732100009918, 0.2914418876171112], [0.2960754632949829, 0.30962273478507996, 0.9807859659194946, 1.926837682723999, 1.80197012424469, 0.32132187485694885, 0.310846745967865, 2.6382551193237305, 3.3781898021698, 0.3425785303115845, 5.074090003967285, 36.41150665283203, 23.026094436645508, 4.338467597961426, 460.5028076171875, 428.52862548828125, 20.626665115356445, 13.288050651550293, 425.2128601074219, 441.27606201171875, 3.013787031173706, 10.366954803466797, 21.84333610534668, 1.7408483028411865, 0.31687474250793457, 3.4034218788146973, 4.446582794189453, 2.312401533126831, 0.3296304941177368], [3.761401653289795, 20.225582122802734, 5.4021124839782715, 12.157207489013672, 267.41119384765625, 320.4376220703125, 12.553735733032227, 57.85649871826172, 392.749755859375, 45.9117317199707, 6.691708564758301, 78.26557922363281, 14.106111526489258, 3.176703691482544, 239.1133575439453, 40.02490997314453, 7.322735786437988, 5.7557196617126465, 5.866825580596924, 0.39077070355415344, 0.8349758982658386, 0.35480910539627075, 1.172953486442566, 0.3905811607837677, 0.28089869022369385, 0.4313060939311981, 0.5262203216552734, 0.35720258951187134, 0.31785106658935547], [0.45416438579559326, 0.47782668471336365, 0.41867369413375854, 2.24328351020813, 4.938451290130615, 2.0349326133728027, 8.544554710388184, 22.83629608154297, 15.53836441040039, 4.245083808898926, 54.60124969482422, 101.58368682861328, 21.057086944580078, 29.95745277404785, 452.8515319824219, 144.57443237304688, 5.648011207580566, 25.802339553833008, 472.7372741699219, 78.48933410644531, 1.4543694257736206, 27.10784149169922, 399.4889831542969, 40.383460998535156, 7.483640670776367, 3.902566432952881, 14.98939323425293, 5.558536052703857, 1.49136483669281], [0.817792534828186, 10.890518188476562, 0.5646997690200806, 13.771491050720215, 195.392822265625, 37.10759735107422, 4.391838550567627, 70.43146514892578, 254.77369689941406, 17.291255950927734, 7.0790181159973145, 78.2418441772461, 24.40558624267578, 11.485844612121582, 166.50662231445312, 20.344390869140625, 8.71781063079834, 35.07721710205078, 17.300703048706055, 1.3083359003067017, 3.721802234649658, 0.44796237349510193, 0.47772419452667236, 0.4455545246601105, 0.4932961165904999, 0.45822209119796753, 5.046730041503906, 0.4747055470943451, 0.4035692512989044], [1.2522296905517578, 1.4437376260757446, 4.4105353355407715, 0.7760269641876221, 1.0479204654693604, 5.295585632324219, 1.361556053161621, 5.4844794273376465, 63.18040466308594, 13.859399795532227, 3.252192497253418, 26.49444580078125, 59.53046798706055, 4.939232349395752, 73.50835418701172, 32.13462829589844, 0.8119073510169983, 13.398443222045898, 61.2862663269043, 8.56096363067627, 1.5595899820327759, 12.722291946411133, 2.3612701892852783, 0.781278133392334, 1.1564089059829712, 0.30184972286224365, 0.7199387550354004, 0.3439745306968689, 0.35289862751960754], [0.3778262734413147, 0.3579280972480774, 0.3460216224193573, 0.392841100692749, 0.30878016352653503, 0.36365363001823425, 0.35697346925735474, 0.3680017590522766, 0.3496994078159332, 0.8431599140167236, 0.43266239762306213, 3.663463830947876, 15.107904434204102, 0.5071174502372742, 21.805986404418945, 4.667598724365234, 1.2756543159484863, 2.288421630859375, 14.769302368164062, 2.532458543777466, 1.3075534105300903, 2.4472484588623047, 15.374277114868164, 2.364833354949951, 0.326707661151886, 0.6243212223052979, 0.3669807016849518, 0.34309622645378113, 0.3588971793651581], [0.39194750785827637, 0.3725811839103699, 0.44488468766212463, 0.44945260882377625, 0.4437923729419708, 0.3354564309120178, 0.39034944772720337, 0.3849259614944458, 1.0443854331970215, 2.569709539413452, 0.4188328683376312, 7.931149005889893, 0.41253647208213806, 0.3690471053123474, 5.659987449645996, 12.316417694091797, 0.4464358985424042, 0.3649994730949402, 2.7593212127685547, 9.01418685913086, 