{"params": {"params_p_harmony": [372709.4123159346, 176592.52700012916, 165360.13095014196, 36036.8952724023, 34045.07757869921, 24263.117523511777, 18787.07759764937, 7258.698366130354, 3985.008285624277, 2618.5800978100997, 1665.346804168126, 1512.609979441522, 215.8293332387731, 73.2049362011242], "params_p_chordtones": [[6.762737085515834, 30.709088439829163, 217.56249431252576, 231.87058240002202, 150.8715670135191, 99.88853491925019, 323.791925938838, 685.698567325721, 550.2110128598416, 790.1989215009912, 3750.6224332112474, 8298.663211801791, 3431.0127129549824, 6361.764764697683, 82533.04009147594, 60736.3784724014, 5193.361439401999, 6389.560512563093, 53683.70285816935, 5923.052462075101, 716.6089082095554, 2356.980524337125, 1793.0311676451263, 442.42952926945793, 224.6763004082771, 235.21314985218356, 452.2665713164893, 157.57227021985406, 46.477407808545045], [6.914158289572563, 34.38943966023064, 65.84931989343698, 51.36842134737334, 62.605828555082766, 25.471669836802626, 51.563524582635175, 49.216188861392155, 256.4851127394692, 93.79612918402802, 104.18971351372626, 1334.1588930062437, 10349.988502053107, 269.6994855789481, 13641.814713229614, 11032.244386392633, 762.2681202690699, 416.10187758240863, 8516.694391589128, 940.9452612342053, 168.58164243662503, 267.31734924530696, 271.726308330288, 58.27139761717159, 40.95366936164697, 24.800886427431866, 71.65731017475031, 30.968764661623375, 2.026562261937128], [3.870762795096063, 10.976274574415303, 22.42873990133039, 69.08731072263639, 82.2085307378378, 106.38018172225038, 119.92226198723911, 680.3001350738192, 1560.4367993106828, 333.45964726677, 1365.2679338011885, 26284.071184588094, 3397.2211460247654, 1529.5823021396754, 31594.575320470194, 25679.20378160173, 2349.530972878908, 2230.740827727203, 3020.3427581549627, 984.3642970815604, 307.99537965980915, 332.61313693192454, 286.05821035491766, 110.14243757835182, 18.563039260292346, 37.36510954763815, 62.752136480898436, 43.63744174956246, 3.2998175782288426], [15.27894245578851, 12.19747793497693, 3.4816051976268936, 22.830368652003287, 125.76140982757974, 248.69572961519665, 36.66616464770432, 340.7381653667285, 3633.356200797762, 426.78171933946066, 403.3044211478095, 4969.211523057101, 570.5943313472045, 223.09746898592743, 3925.8172055973496, 677.9453903089392, 134.30705172743143, 214.58674004086038, 178.77235661065916, 34.193654849687114, 41.89684169743795, 83.89208312122678, 17.434463520565416, 6.0237830083978565, 3.9960454139589143, 6.481621538058644, 3.3912123224301913, 0.7699218521760882, 1.1407056954248016], [13.567042902076905, 37.67394789066479, 13.767731388090805, 21.553103845927254, 148.50367126986734, 2228.033431725034, 53.58760168060701, 164.60121675932277, 2354.9696115943166, 264.94377543361526, 117.30247268781845, 2090.34109147504, 308.2662714235925, 68.82622792381221, 2084.0476094448322, 257.4280121767477, 19.383632786717968, 24.816161642983815, 118.20009498966594, 4.288028472124721, 5.95327564235811, 34.29298503928158, 5.883822172059389, 3.373516775907663, 6.201810252127382, 2.713323144515907, 0.343557522404971, 0.46024512016383146, 0.6810578238581093], [8.060770193820366, 4.758336747561808, 5.209128607837618, 20.063364776231893, 12.438440526121175, 5.118041738376943, 4.295380862031497, 41.80510147106433, 211.27531292017022, 11.467342887840122, 61.898978234231066, 1483.2713551548597, 1425.9993493374639, 30.93959167657339, 1418.4029994676189, 1199.6512850731508, 73.07933014962632, 8.954028734768988, 58.97603914946401, 30.104068056904985, 11.749067909866563, 10.154608374389449, 8.076564051646507, 22.928116404353894, 15.317944803513033, 1.8518500023945934, 4.116755708270887, 5.214268202799103, 0.5640220581302813], [7.15728347645778, 10.699969097462303, 6.131877133349395, 8.248372835651994, 45.35232287095659, 54.79743030763307, 36.581204019953, 52.18977451315419, 856.1577640090541, 70.73175336653912, 30.081480854403765, 968.4310191106174, 1094.801983613275, 31.581987051602017, 987.2774331146707, 117.6379508586862, 9.516203395711605, 8.762676803712298, 8.087809020863924, 6.948459940107736, 13.981355352022732, 3.2623770060686987, 5.299206669320928, 8.65767102729006, 9.535870752773654, 1.8753261995943968, 5.546459623240163, 0.27489025075757834, 0.3361159151637181], [0.3186868208064961, 0.3129649282353016, 1.0952534921295962, 2.079384992991951, 1.8093953045310915, 0.30298524511298563, 0.3237321794124113, 2.7450968546503263, 3.217811557034301, 0.34289895162735984, 4.689114977088257, 36.24986137521652, 21.30556821794669, 4.207733049148119, 462.6114930125336, 426.1847486401737, 21.97936318686806, 12.886285841767727, 429.6841968962251, 447.75123713342197, 2.9504709445072663, 8.792510773084024, 20.54204286773184, 1.6413881023132952, 0.34284172772018834, 0.4204455595085202, 4.205784836340613, 2.2530874993551766, 0.2975794870852392], [3.741130384973165, 20.208273147033367, 3.276832183641139, 13.09754671165064, 274.90834093043924, 336.74603354287063, 11.554888475490687, 58.885739767484736, 409.4202485534459, 46.773817598469186, 4.846427847810158, 73.52126445453777, 13.698787820204904, 3.198504645295199, 250.31543818979137, 16.98323441757568, 7.51606889162266, 5.370935485419151, 5.5831637647281385, 0.3527182584582526, 0.8889670712839215, 0.3136988427100285, 1.1785222250346188, 0.31143097951060567, 0.29919786870801385, 0.5927089995647093, 0.5328147387736197, 0.33937807516397445, 0.3271343937672346], [0.4924913057048223, 0.5361234287357368, 0.484105013646682, 2.386190258015994, 4.768093863486285, 2.0369012078476296, 8.921603433245062, 23.053429225492465, 14.660955805842796, 4.21751557561755, 48.75125822136085, 94.52918314449798, 20.067741781889136, 31.816427662916706, 443.32259650576344, 129.443883620114, 3.486204723465389, 27.032077969543906, 450.44007847031196, 83.27864493889874, 1.310957924713978, 26.933141397157385, 400.051623470213, 37.72722540761103, 7.850502100828979, 3.804165376556889, 15.269095620301268, 5.674067583975535, 1.3176546607256587], [0.7927702453393893, 9.601820401156914, 0.6107710613348635, 13.855600082737263, 193.37144322629842, 35.57915525533826, 4.433166054500271, 61.1697337684095, 243.40644808502265, 17.024278897495815, 6.406072121264992, 72.37880834550869, 23.38827382939715, 11.933633753897661, 170.92095039877637, 19.674743455540334, 8.631514273319832, 34.74228903815017, 17.92266955295789, 1.307401935998716, 3.809027644521692, 0.48876093019937233, 0.42655269102931415, 0.47584987204531776, 0.4779186576019461, 0.4389201990781828, 5.497442201784058, 0.4650172477459145, 0.42396696125391314], [1.3929327763138992, 1.8537194771089176, 5.085085627486219, 0.839721168759487, 1.162055265805564, 6.766705862072401, 1.694756809551502, 7.151490794173292, 86.51797946517368, 18.352968473641262, 4.376273639316641, 29.143243670469708, 79.61798717131461, 5.975127292614363, 96.43299545061635, 16.161702936492407, 0.9162589898093547, 18.26373775451263, 83.86840919638536, 10.629357442515667, 1.8672660824966572, 16.48003279145952, 2.715491591642174, 0.8618555072419299, 1.2805167583807278, 0.39070488852941965, 0.8035283227173501, 0.31653665764087535, 0.36514083154409327], [0.3306502945953612, 0.3633699001673341, 0.33429556440053976, 0.35274107331677, 0.31928612493758285, 0.38240767480113547, 0.3419926970644325, 0.36214275082384995, 0.36037900482449736, 0.9351328334970291, 0.3943327731050046, 4.181912869460925, 15.032575280395234, 0.45855487310119336, 22.987431097069223, 4.919756015765052, 1.5312085666269382, 2.2042423588686155, 14.983656468599378, 3.0492674378452014, 1.4659600347228445, 2.320443872111282, 14.776125163982066, 2.363339340048275, 0.34843306110575006, 0.6204149950949208, 0.35248557256815727, 0.37221775920035743, 0.3442610296250203], [0.38583019008444713, 0.4175298571476036, 0.3690345623224959, 0.4038967828997076, 0.3870644431397926, 0.3735756176766958, 0.34990668926986035, 0.3499804429687779, 0.380069062317401, 0.37150674893583185, 0.3825005311978768, 7.1570104592954635, 0.382545053879641, 0.38167997152644534,